week	publish_on	topic_key	pillar	working_title	reader	reader_question	must_answer	holiday_key	product_hint	tags	reason	inspired_by	status	origin
2026-W40	2026-10-02	inspiration-cuckoo-clock-mechanism	INSPIRATION	Ako funguje kukučka v hodinách: mechanizmus krok za krokom	čitateľ, ktorý rád počúva tikot hodín a nikdy nevidel, čo sa skrýva za ciferníkom kukučkových hodín	Ako vlastne fungujú kukučkové hodiny a čo spraví, že sa kukučka ozve presne na hodinu?	čo hodiny poháňa a ako sa pohyb prenesie na ručičky ; čo spustí kukučku a zvuk v celú hodinu ; čo si všimnúť na ozubených kolesách a páčkach, keď sa mechanizmus hýbe ; prečo mechanické hodiny časom meškajú alebo sa ponáhľajú	-	drevené mechanické hodiny s ozubeným prevodom	-	Keyword Planner: „kukučkové hodiny“ mali v októbri 2025 1000 vyhľadávaní mesačne (v novembri 2025 1300), blog o hodinách nepíše.	-	PLANNED	PLANNER
2026-W41	2026-10-05	guide-fixing-sticking-mechanism	GUIDE	Mechanizmus modelu sa zasekáva: ako nájsť a odstrániť trenie	začiatočník, ktorý práve dostaval svoj prvý mechanický drevený model	Prečo sa mi na drevenom modeli zasekávajú ozubené kolesá a čo s tým?	ako nájsť miesto, kde sa diely trú, bez rozoberania celého modelu ; čím trenie znížiť z vecí, ktoré bývajú doma, a čím radšej nie ; kedy je príčinou zle usadený diel a ako ho opraviť ; ako overiť, že mechanizmus beží plynulo	-	mechanický model s ozubenými kolesami, napríklad hudobná skrinka alebo hodiny	-	Blog nemá návod na najčastejší problém po dostavaní mechanického modelu; zasekávanie často riešia aj stavitelia v komunite.	reddit-rokrpuzzles	USED	PLANNER
2026-W41	2026-10-07	inspiration-halloween-shelf-scene	INSPIRATION	Strašidelná scéna na poličke: miniatúry v halloweenskom šate	dospelá staviteľka, ktorá má doma hotový miniatúrny domček alebo book nook	Ako môžem hotový miniatúrny domček vyzdobiť na Halloween, aby som ho nepoškodila?	ako zmeniť náladu hotovej scény svetlom, farbou a drobnými doplnkami bez lepenia na diely ; čo sa dá vyrobiť z papiera, drôtika a zvyškov z iných stavebníc ; ako výzdobu po sviatku odstrániť bez stôp ; jeden jednoduchý nápad na začiatok	halloween	miniatúrny domček alebo book nook s osvetlením	-	Halloween je v kalendári a článok vyjde 24 dní pred ním; hotovým stavbám dá sezónne využitie.	reddit-miniatures	USED	PLANNER
2026-W41	2026-10-09	guide-kids-first-3d-puzzle	GUIDE	Prvé 3D puzzle pre dieťa: podľa čoho vybrať náročnosť	rodič školáka, ktorý chce dieťaťu kúpiť prvé drevené 3D puzzle a bojí sa, že ho stavba odradí	Aké drevené 3D puzzle zvládne moje dieťa a ako zistím, či nebude príliš ťažké?	ako z veku, počtu dielov a času skladania odhadnúť, čo dieťa zvládne ; kde dieťaťu pomôcť a kde ho nechať skúsiť samo ; čo si pripraviť, aby sa diely nestratili a nič sa nezlomilo ; ako poznať, že je model pre dieťa príliš náročný, a čo urobiť	-	jednoduchý drevený model pre deti s malým počtom dielov	-	Keyword Planner: „puzzle pre deti“ 880 vyhľadávaní mesačne (v októbri 2025 1600), „3d puzzle pre deti“ 110; blog má len darčekový článok pre deti (stránka 34) a výber prvej stavebnice pre dospelých (stránka 44).	-	PLANNED	PLANNER
2026-W42	2026-10-12	inspiration-book-nook-idea	INSPIRATION	Book nook: ako vzniká kútik medzi knihami	čitateľka, ktorá videla book nook na sociálnych sieťach a nevie, čo to je	Čo je book nook a dá sa taký kútik mať aj doma na poličke?	čo je book nook a odkiaľ nápad pochádza ; z čoho sa scéna skladá: hĺbka, perspektíva, svetlo ; aké námety čitatelia stavajú najčastejšie ; čo zvážiť pred prvým kútikom: miesto na poličke, napájanie svetla, čas	-	book nook s osvetlením	-	Blog má book nook len ako valentínsky darček pre ňu (stránka 35); samotný nápad pre čitateľov nevysvetľuje.	reddit-booknooks,booknookworkshop	USED	PLANNER
2026-W42	2026-10-14	guide-repairing-broken-part	GUIDE	Praskol drevený diel: ako ho opraviť a stavať ďalej	staviteľ, ktorému pri vylamovaní z dosky praskol tenký drevený diel	Praskol mi diel pri vylamovaní z dosky, dá sa to ešte opraviť?	či sa diel dá zlepiť, alebo treba náhradný ; aké lepidlo na tenkú preglejku a ako dlho nechať spoj schnúť ; ako vylamovať diely, aby nepraskali ; kedy požiadať o náhradný diel a čo si pripraviť	-	-	-	Najčastejšia nehoda pri stavbe nemá na blogu návod a článok nepotrebuje produkt.	-	USED	PLANNER
2026-W42	2026-10-16	inspiration-record-player-story	INSPIRATION	Gramofón: ako ihla premení drážky na platni na hudbu	čitateľ, ktorý rád počúva platne a nikdy nevidel, čo sa deje vo vnútri gramofónu	Ako gramofón prehráva hudbu z drážky na platni a načo je v ňom ramienko s ihlou?	ako sa pohyb ihly v drážke zmení na zvuk ; čo robí otáčanie taniera a prečo má byť rovnomerné ; čo si všimnúť na modeli gramofónu: tanier, ramienko, prevod ; prečo platne a ihla opotrebúvajú	-	drevený mechanický model gramofónu	-	Keyword Planner: „gramofón“ 1000 vyhľadávaní mesačne (v októbri 2025 880, v novembri 2025 1600), blog o ňom nepíše.	-	PLANNED	PLANNER
2026-W43	2026-10-19	guide-gluing-small-parts	GUIDE	Kedy pri drevenom 3D puzzle siahnuť po lepidle	začiatočník, ktorému pri skladaní drevenej stavebnice vypadávajú drobné diely	Treba drevené 3D puzzle lepiť, alebo má všetko držať samo?	či model drží bez lepidla a prečo ; ktoré miesta lepidlo potrebujú a ktoré nikdy ; aké lepidlo zvoliť a ako ho naniesť bez stôp ; čo robiť, keď lepidlo pretečie	-	miniatúrny domček s drobnými dielmi	-	Článok o nástrojoch (stránka 20) lepenie nerieši; otázka, či model drží bez lepidla, nemá na blogu odpoveď.	-	PLANNED	PLANNER
2026-W43	2026-10-21	inspiration-steam-locomotive-story	INSPIRATION	Parná lokomotíva: skutočný príbeh za modelmi vlakov	milovník vlakov a histórie, ktorý zatiaľ nič nestaval	Ako vlastne fungovala parná lokomotíva a prečo z nej ľudia stavajú modely?	ako parná lokomotíva mení paru na pohyb, jednoducho a správne ; ktoré lokomotívy sa stali predlohou modelov a prečo ; čo zo skutočného stroja model ukazuje a čo zjednodušuje ; jeden nápad, ako model vystaviť ako kus histórie	-	drevený model parnej lokomotívy	-	Príbeh skutočnej predlohy (Tower Bridge, stránka 25) číta aj ten, kto nestavia; vlaky blog ešte nemá.	rokr-blog	PLANNED	PLANNER
2026-W43	2026-10-23	guide-measuring-shelf-for-book-nook	GUIDE	Book nook do police: ako odmerať miesto skôr, než začneš	čitateľka, ktorá chce vložiť book nook medzi knihy vo svojej polici a nevie, či sa tam zmestí	Ako zistím, či sa book nook zmestí do mojej police medzi knihy?	ktoré rozmery police zmerať (šírka, výška, hĺbka) a čo odčítať od hrán ; ako sa zmestí hotový book nook medzi knihy a ako ho podoprieť ; kde vedie svetlo a kábel, aby nevytŕčali ; čo urobiť, keď polica nie je presne rovná alebo je užšia	-	book nook vložka do police na knihy	-	Keyword Planner: „book nook“ 720 vyhľadávaní mesačne (v októbri 2025 720, v novembri 2025 1300); blog má len nápad na book nook (stránky 35 a 48) a žiadny návod na výber miesta.	-	PLANNED	PLANNER
2026-W44	2026-10-26	guide-lighting-miniature-house	GUIDE	Nesvieti miniatúrny domček: batérie, kontakty a káble	staviteľka, ktorej po dostavaní miniatúrneho domčeka nesvieti alebo bliká osvetlenie	Prečo mi v miniatúrnom domčeku nesvieti svetlo a ako to opraviť?	najčastejšie príčiny, prečo svetlo nesvieti alebo bliká ; ako krok za krokom skontrolovať batérie, kontakty a spoje ; ako viesť káble, aby neboli vidieť ; kedy vymeniť LED pásik alebo spínač	-	miniatúrny domček s LED osvetlením	-	Článok o príprave pred stavbou domčeka (stránka 27) nerieši osvetlenie, ktoré po dostavaní nefunguje.	homeandfun	PLANNED	PLANNER
2026-W44	2026-10-28	inspiration-displaying-finished-builds	INSPIRATION	Hotové modely na poličke: vystaviť a chrániť pred prachom	staviteľ, ktorému sa doma hromadia hotové modely a zapadajú prachom	Kam s hotovými drevenými modelmi, aby pekne vyzerali a nezapadli prachom?	ako hotové modely vystaviť, aby vynikli: skupiny, výška, svetlo ; ako ich chrániť pred prachom, slnkom a vlhkom ; ako ich bezpečne očistiť ; jeden nápad na vitrínu alebo poličku z vecí, ktoré bývajú doma	-	-	-	Článok o dekoráciách (stránka 24) rieši výber ozdôb, nie starostlivosť o hotové stavby.	reddit-miniatures	PLANNED	PLANNER
2026-W44	2026-10-30	guide-undoing-wrong-step	GUIDE	Diel nasadený naopak: ako sa vrátiť o krok bez lámania	staviteľ, ktorý si po niekoľkých krokoch všimol, že je diel zle otočený alebo nasadený na zlom mieste	Zle som nasadil diel a už sú na ňom ďalšie, dá sa vrátiť späť bez zlomenia?	ako zistiť, ktorý krok bol zlý a ktoré diely sa tým dotkli ; ako rozobrať spoj bez sily, najprv bez lepidla a nástrojov ; kedy prestať a nechať spoj tak, ako je ; ako si pri ďalšom modeli označiť kroky, aby sa chyba neopakovala	-	-	-	Téma piliera GUIDE bez čísla zo Search Console aj Keyword Planneru: najčastejšia chyba pri skladaní nemá na blogu návod a článok nepotrebuje produkt.	-	PLANNED	PLANNER
2026-W45	2026-11-02	inspiration-globe-flat-map	INSPIRATION	Prečo sa glóbus nedá rozložiť na plochú mapu bez skreslenia	zvedavý čitateľ, ktorý sa pozerá na glóbus a zamýšľa sa, prečo majú plošné mapy deformované kontinenty	Prečo vyzerajú kontinenty na mape inak ako na glóbuse?	prečo sa guľa nedá rozložiť na rovinu bez natiahnutia alebo roztrhnutia ; čo skreslenie mapy mení: tvar, plochu alebo vzdialenosť ; čo si všimnúť na glóbuse: sklon osi a rovnobežky ; jeden pokus, ako to vyskúšať doma	-	svietiaci drevený model glóbusu	-	Keyword Planner: „svietiaci glóbus“ 480 vyhľadávaní mesačne (v novembri 2025 1600), blog o glóbuse nepíše.	-	PLANNED	PLANNER
2026-W45	2026-11-04	guide-choosing-second-kit	GUIDE	Druhý model: ako vybrať ďalší podľa toho, čo ťa bavilo	dospelý, ktorý dostavil prvý drevený model a váha, čo postaviť ako ďalšie	Čo postaviť po prvom drevenom 3D puzzle, aby ma to bavilo a nebolo to príliš ťažké?	ako z prvej stavby zistiť, čo ťa bavilo a čo unavovalo ; ako sa posunúť v náročnosti o jeden krok, nie o tri ; čo porovnať u nového modelu: čas skladania, počet dielov, mechanizmus alebo dekorácia ; kedy sa oplatí vrátiť sa k menšiemu modelu	-	drevený model strednej náročnosti	-	Keyword Planner: „stavebnica pre dospelých“ 260 vyhľadávaní mesačne (v novembri 2025 720); blog rieši len prvý model (stránky 44 a 45).	-	PLANNED	PLANNER
2026-W45	2026-11-06	inspiration-typewriter-mechanism	INSPIRATION	Písací stroj: ako stlačený kláves nechá stopu na papieri	čitateľ, ktorý rád píše a zaujíma ho, ako fungoval písací stroj bez elektriny	Ako fungoval písací stroj, že po stlačení klávesu zostalo písmeno na papieri?	čo sa deje medzi stlačením klávesu a stopou na papieri ; ako stroj posúva papier a ako sa vráti na nový riadok ; čo si všimnúť na modeli: páky, pružiny, valec ; prečo sa písmená nesmeli zasekávať a ako to stroj riešil	-	drevený mechanický model písacieho stroja	-	Keyword Planner: „písací stroj“ 480 vyhľadávaní mesačne (v novembri 2025 720, v októbri 2025 880), blog o ňom nepíše.	-	PLANNED	PLANNER
2026-W46	2026-11-09	guide-multi-evening-build	GUIDE	Veľký model na viac večerov: ako si stavbu rozložiť	staviteľ, ktorý sa chystá na rozsiahly model a vie, že ho nedokončí za jeden večer	Ako si rozdeliť stavbu veľkého modelu na viac večerov, aby som sa nestratil v krokoch?	kde je v návode bezpečné miesto na prestávku ; ako uložiť diely a rozostavanú časť medzi večermi ; ako si označiť, kde si skončil, aby si pokračoval bez chýb ; koľko práce zvládnuť naraz, aby ťa stavba neunavila	-	drevený model s vyšším počtom dielov	-	Téma piliera GUIDE bez čísla zo Search Console aj Keyword Planneru: blog rieši prípravu na prvé skladanie (stránka 45), nie stavbu rozloženú na viac večerov.	-	PLANNED	PLANNER
2026-W46	2026-11-11	inspiration-music-box-how-it-works	INSPIRATION	Ako funguje hracia skrinka: od kľučky po melódiu	čitateľ, ktorý rád počúva hudbu a zaujíma ho, ako malá skrinka zahrá melódiu bez elektriny	Ako funguje hracia skrinka, že z jednej kľučky vyjde celá melódia?	čo sa deje medzi otočením kľučky a prvým tónom ; čo určuje, aká melódia zaznie ; čo si všimnúť na modeli: valec, hrebeň, prevod ; prečo sa tón mení, keď kľučku točíš pomalšie alebo rýchlejšie	-	drevený mechanický model hracej skrinky	-	Keyword Planner: „hracia skrinka“ 480 vyhľadávaní mesačne (v novembri 2025 880); zdroj robotime-blog píše o hudobných darčekoch a blog o hracích skrinkách nepíše.	robotime-blog	PLANNED	PLANNER
2026-W46	2026-11-13	gift-mikulas-2026	GIFT	Mikuláš: ako vybrať malú stavebnicu do čižmy	rodič školáka, ktorý hľadá malý darček na Mikuláša, čo vydrží dlhšie ako sladkosti	Čo dať dieťaťu na Mikuláša do čižmy, aby to nebola len sladkosť?	ako podľa veku a trpezlivosti dieťaťa vybrať malý model ; čo skontrolovať pred kúpou: počet dielov, čas skladania, odporúčaný vek ; ako ho dať, aby sa postavil: spolu, po častiach, s jednoduchými pomôckami ; kedy je Mikuláš a dokedy ho treba vybrať	mikulas	malý drevený model pre deti s malým počtom dielov	-	Kalendár: Mikuláš je 6. 12. a článok vychádza 23 dní pred ním; Keyword Planner: „darček na mikuláša“ 40 vyhľadávaní mesačne (v novembri 2025 260).	-	PLANNED	PLANNER
2026-W47	2026-11-16	guide-test-mechanism-before-closing	GUIDE	Mechanický model: čo vyskúšať, skôr než ho zatvoríš	staviteľ mechanického modelu, ktorý sa blíži ku koncu a bojí sa, že po zatvorení krytu sa mechanizmus zasekne	Ako si overím, že mechanizmus beží hladko, skôr než model uzavriem?	ktoré pohyby a otáčky vyskúšať pred zatvorením a čo sledovať ; čo znamená ťažký chod alebo zadrhnutie a čo skúsiť bez lepidla ; ktorý krok už nejde vrátiť a čo mu má predchádzať ; ako si pri skúške nepoškodiť tenké diely	-	mechanický model s kľukou alebo ozubenými kolesami	-	Téma piliera GUIDE bez čísla zo Search Console aj Keyword Planneru: doplňuje návod na zasekávanie (stránka 46) o skúšku pred posledným krokom.	-	PLANNED	PLANNER
2026-W47	2026-11-18	inspiration-christmas-shelf-scene	INSPIRATION	Vianočná scéna na poličke z hotového modelu	staviteľ, ktorý má doma hotový book nook alebo domček a chce poličku vyzdobiť na Vianoce bez ďalších nákupov	Ako vyzdobiť hotový model na Vianoce, aby bol sviatočný a nepoškodil som ho?	ako zmeniť náladu scény svetlom, farbou a drobnosťami bez lepenia na diely ; čo sa dá vyrobiť z papiera, drôtika a vecí z domácnosti ; ako zvoliť jeden nápad podľa miesta na poličke ; ako scénu po sviatkoch odobrať bez stôp	-	vianočná vložka do police na knihy	-	Keyword Planner: „vianočná dekorácia“ 110 vyhľadávaní mesačne (v novembri 2025 210).	-	PLANNED	PLANNER
2026-W47	2026-11-20	guide-storing-unfinished-build	GUIDE	Rozostavaný model: ako ho odložiť, aby diely nezmizli	staviteľ, ktorý musí stavbu na niekoľko dní prerušiť a nechce stratiť diely ani poškodiť rozostavanú časť	Kam a ako odložiť rozostavaný drevený model, aby sa nič nestratilo ani nezlomilo?	ako uložiť nepoužité diely a dosku, aby sa nezlomili ; ako zabezpečiť rozostavanú časť pred pádom a pohnutím ; čo zaznamenať, aby si vedel pokračovať ; ako sa vyhnúť vlhkosti a slnku počas prestávky	-	-	-	Téma piliera GUIDE bez čísla zo Search Console aj Keyword Planneru: blog rieši prípravu pred stavbou, nie prestávku uprostred nej.	-	PLANNED	PLANNER
2026-W48	2026-11-23	inspiration-marble-run-physics	INSPIRATION	Guľôčková dráha: čo riadi pohyb guľôčky po sklone	čitateľ, ktorého zaujíma fyzika hračiek a rád sleduje, ako guľôčka prejde dráhou	Prečo guľôčka v dráhe zrýchľuje, spomaľuje a niekedy vypadne?	čo ťahá guľôčku dole a čo ju brzdí ; prečo sklon a zákruty menia rýchlosť ; čo si všimnúť na modeli: sklon, výťah, zákruty ; jeden pokus s guľôčkou na doske doma	-	guľôčková dráha z dreva	-	Pilier INSPIRATION, téma bez signálu zo Search Console aj Keyword Planneru (hľadanosť pod 100): blog o mechanike hračiek nepíše.	-	PLANNED	PLANNER
2026-W48	2026-11-25	gift-christmas-2026	GIFT	Vianočný darček pre starých rodičov: ako vybrať model	vnúča alebo dospelé dieťa, ktoré hľadá vianočný darček pre starých rodičov, čo majú radi pokojnú ručnú prácu	Čo kúpiť starým rodičom na Vianoce, aby ich to bavilo a zvládli to?	ako vybrať model podľa zraku, rúk a trpezlivosti obdarovaného ; čo skontrolovať pred kúpou: drobné diely, čas, náročnosť, miesto na stole ; ako darček odovzdať, aby sa postavil: spolu, po častiach ; kedy je pre Vianoce posledný rozumný čas na výber	christmas-gift-season	mechanický model s hudbou alebo hodinami, napríklad hracia skrinka, gramofón alebo hodiny	-	Kalendár: vianočná sezóna darčekov (24. 12.) a článok vychádza 29 dní pred ňou; Keyword Planner: „darček pre starých rodičov“ 590 vyhľadávaní mesačne (v novembri 2025 1300).	-	PLANNED	PLANNER
2026-W48	2026-11-27	guide-wobbly-finished-model	GUIDE	Hotový model sa kýve: ako spevniť uvoľnený spoj	staviteľ, ktorému sa na hotovom drevenom modeli po čase uvoľnil spoj a časť sa kýve	Na hotovom modeli sa mi kýve časť, ako ju spevním a nepokazím to?	ako nájsť uvoľnený spoj a zistiť, prečo povolil ; čo skúsiť najprv bez lepidla a bez rozoberania ; kedy a ako použiť lepidlo tak, aby neostali stopy ; ako model uložiť a držať, aby sa spoj neuvoľňoval znova	-	-	-	Téma piliera GUIDE bez čísla zo Search Console aj Keyword Planneru: blog rieši stavbu a opravu zlomeného dielu, nie uvoľnený spoj na hotovom modeli.	-	PLANNED	PLANNER
2026-W49	2026-11-30	inspiration-miniature-scale	INSPIRATION	Mierka v miniatúre: ako sa meria malý svet na poličke	čitateľ, ktorého zaujal miniatúrny domček a nevie, čo znamená mierka	Čo znamená mierka pri miniatúrnych domčekoch a prečo na nej záleží?	čo mierka vyjadruje a ako ju prepočítať na skutočnú veľkosť ; prečo sa predmety v scéne majú držať jednej mierky ; ako si pred stavbou predstaviť rozmery hotovej scény ; čo si všimnúť na miniatúrnej scéne, aby pôsobila uveriteľne	-	miniatúrny domček	-	Zdroj booknookworkshop (podľa zoznamu zdrojov rieši mierku a techniku scén); blog o mierke nepíše, číslo zo Search Console ani Keyword Planneru nie je.	booknookworkshop	PLANNED	PLANNER
