query	page	clicks	impressions	ctr	position
tower bridge historia	https://robotoys.sk/blog/pribeh-slavneho-tower-bridge-ako-priniest-londyn-k-vam-domov	2	2	1	5
rokr stavebnice	https://robotoys.sk/blog/drevene-3d-puzzle-ako-vybrat-svoju-prvu-stavebnicu-a-na-co-sa-pripravit	1	1	1	20
3d drevene mechanicke puzzle	https://robotoys.sk/blog/drevene-3d-puzzle-ako-vybrat-svoju-prvu-stavebnicu-a-na-co-sa-pripravit	0	2	0	34
3d drevene puzzle	https://robotoys.sk/blog/drevene-3d-puzzle-ako-vybrat-svoju-prvu-stavebnicu-a-na-co-sa-pripravit	0	6	0	47.17
3d puzzle drevene	https://robotoys.sk/blog/drevene-3d-puzzle-ako-vybrat-svoju-prvu-stavebnicu-a-na-co-sa-pripravit	0	2	0	43.5
3d stavebnice	https://robotoys.sk/blog/drevene-3d-puzzle-ako-vybrat-svoju-prvu-stavebnicu-a-na-co-sa-pripravit	0	5	0	28.6
3d stavebnice	https://robotoys.sk/blog/little-story-3d-stavebnice-ktore-spajaju-kreativitu-zabavu-a-kvalitu	0	11	0	7
ako sa uvolnit od stresu	https://robotoys.sk/blog/ako-sa-zbavit-stresu-10-ucinnych-rad	0	1	0	41
ako sa zbavit stresu	https://robotoys.sk/blog/ako-sa-zbavit-stresu-10-ucinnych-rad	0	4	0	36.25
ako sa zbaviť stresu	https://robotoys.sk/blog/ako-sa-zbavit-stresu-10-ucinnych-rad	0	2	0	38
caro 3d	https://robotoys.sk/blog/drevena-kytica-ktora-nikdy-nezvadne-objav-caro-3d-puzzle-kvetov	0	1	0	1
darcek na valentin	https://robotoys.sk/blog/5-najlepsich-darcekov-na-valentina-ktore-potesia-kazdeho	0	3	0	57
darcek na valentina	https://robotoys.sk/blog/5-najlepsich-darcekov-na-valentina-ktore-potesia-kazdeho	0	4	0	71
darcek na valentina pre priatela	https://robotoys.sk/blog/5-najlepsich-darcekov-na-valentina-ktore-potesia-kazdeho	0	1	0	45
darcek pre deti	https://robotoys.sk/blog/idealny-darcek-pre-deti-ktory-rozvija-kreativitu-a-trpezlivost	0	2	0	22.5
darcek pre partnera na valentina	https://robotoys.sk/blog/5-najlepsich-darcekov-na-valentina-ktore-potesia-kazdeho	0	3	0	49.33
darcek pre priatelku	https://robotoys.sk/blog/7-neodolatelnych-tipov-na-darceky-pre-zenu	0	1	0	9
darček na valentina	https://robotoys.sk/blog/5-najlepsich-darcekov-na-valentina-ktore-potesia-kazdeho	0	4	0	60
darček na valentína	https://robotoys.sk/blog/5-najlepsich-darcekov-na-valentina-ktore-potesia-kazdeho	0	12	0	74.17
darček pre ženu	https://robotoys.sk/blog/7-neodolatelnych-tipov-na-darceky-pre-zenu	0	1	0	26
darčeky na valentína	https://robotoys.sk/blog/5-najlepsich-darcekov-na-valentina-ktore-potesia-kazdeho	0	2	0	62
drevena kytica	https://robotoys.sk/blog/drevena-kytica-ktora-nikdy-nezvadne-objav-caro-3d-puzzle-kvetov	0	3	0	14.33
drevene 3d puzzle	https://robotoys.sk/blog/drevene-3d-puzzle-ako-vybrat-svoju-prvu-stavebnicu-a-na-co-sa-pripravit	0	2	0	39.5
drevene puzzle 3d	https://robotoys.sk/blog/drevene-3d-puzzle-ako-vybrat-svoju-prvu-stavebnicu-a-na-co-sa-pripravit	0	3	0	51
drevené 3d puzzle	https://robotoys.sk/blog/drevene-3d-puzzle-ako-vybrat-svoju-prvu-stavebnicu-a-na-co-sa-pripravit	0	2	0	43
drevené puzzle 3d	https://robotoys.sk/blog/drevene-3d-puzzle-ako-vybrat-svoju-prvu-stavebnicu-a-na-co-sa-pripravit	0	2	0	51
drevené stavebnice pre dospelých	https://robotoys.sk/blog/drevene-3d-puzzle-ako-vybrat-svoju-prvu-stavebnicu-a-na-co-sa-pripravit	0	2	0	10.5
historia tower bridge	https://robotoys.sk/blog/pribeh-slavneho-tower-bridge-ako-priniest-londyn-k-vam-domov	0	1	0	3
história 3d	https://robotoys.sk/blog/historia-3d-drevenych-skladaciek-od-zaciatkov-az-po-sucasnost	0	1	0	1
hry na jemnú motoriku	https://robotoys.sk/blog/top-5-aktivit-ktore-podporuju-rozvoj-motorickych-schopnosti	0	2	0	58.5
london bridge	https://robotoys.sk/blog/pribeh-slavneho-tower-bridge-ako-priniest-londyn-k-vam-domov	0	2	0	21.5
londyn most	https://robotoys.sk/blog/pribeh-slavneho-tower-bridge-ako-priniest-londyn-k-vam-domov	0	4	0	10.75
londýn most	https://robotoys.sk/blog/pribeh-slavneho-tower-bridge-ako-priniest-londyn-k-vam-domov	0	3	0	10.67
londýn tower bridge	https://robotoys.sk/blog/pribeh-slavneho-tower-bridge-ako-priniest-londyn-k-vam-domov	0	1	0	14
mechanické puzzle	https://robotoys.sk/blog/drevene-3d-puzzle-ako-vybrat-svoju-prvu-stavebnicu-a-na-co-sa-pripravit	0	1	0	21
most londyn	https://robotoys.sk/blog/pribeh-slavneho-tower-bridge-ako-priniest-londyn-k-vam-domov	0	1	0	11
most v londyne	https://robotoys.sk/blog/pribeh-slavneho-tower-bridge-ako-priniest-londyn-k-vam-domov	0	3	0	10.67
most v londýne	https://robotoys.sk/blog/pribeh-slavneho-tower-bridge-ako-priniest-londyn-k-vam-domov	0	4	0	10.5
na valentina	https://robotoys.sk/blog/5-najlepsich-darcekov-na-valentina-ktore-potesia-kazdeho	0	4	0	59
najlepších tipov na sv. valentína	https://robotoys.sk/blog/5-najlepsich-darcekov-na-valentina-ktore-potesia-kazdeho	0	2	0	42
práca s drevom	https://robotoys.sk/blog/drevene-3d-puzzle-ako-vybrat-svoju-prvu-stavebnicu-a-na-co-sa-pripravit	0	1	0	5
puzzle kvety	https://robotoys.sk/blog/drevena-kytica-ktora-nikdy-nezvadne-objav-caro-3d-puzzle-kvetov	0	1	0	10
rokr	https://robotoys.sk/blog/rokr-vas-vstup-do-sveta-kreativity-a-zabavy	0	5	0	10.4
rokr stavebnice	https://robotoys.sk/blog/rokr-vas-vstup-do-sveta-kreativity-a-zabavy	0	3	0	10.67
stem	https://robotoys.sk/blog/stem-a-drevene-modely	0	2	0	24
tanky world of tanks	https://robotoys.sk/blog/world-of-tanks-teraz-aj-na-tvojej-policke	0	1	0	46
tip na valentinsky darcek	https://robotoys.sk/blog/5-najlepsich-darcekov-na-valentina-ktore-potesia-kazdeho	0	1	0	36
tower bridge	https://robotoys.sk/blog/pribeh-slavneho-tower-bridge-ako-priniest-londyn-k-vam-domov	0	1	0	7
tower bridge londyn	https://robotoys.sk/blog/pribeh-slavneho-tower-bridge-ako-priniest-londyn-k-vam-domov	0	1	0	12
zvládanie stresu	https://robotoys.sk/blog/ako-sa-zbavit-stresu-10-ucinnych-rad	0	5	0	34.6
zvládanie stresu aktivity	https://robotoys.sk/blog/ako-sa-zbavit-stresu-10-ucinnych-rad	0	2	0	20
