page	clicks	impressions	ctr	position
https://bg.robotoys.eu/blog/ystoryiata-na-prochutyia-taur-brydzh-kak-da-prenesete-london-v-doma-sy	11	421	0.026128	6.1
https://robotoys.eu/blog/history-of-3d-wooden-puzzles-from-beginnings-to-the-present	11	377	0.029178	7.3
https://robotoys.eu/blog/wooden-3d-puzzles-how-to-choose-your-first-building-kit-and-what-to-prepare-for	11	819	0.013431	6.86
https://dk.robotoys.eu/blog/historien-om-den-beromte-tower-bridge-sadan-bringer-du-london-til-dit-hjem	9	750	0.012	6.47
https://robotoys.eu/blog/10-tools-you-need-when-assembling-a-wooden-3d-puzzle	9	292	0.030822	6.55
https://de.robotoys.eu/bloggen/geschichte-der-3d-holzpuzzles-von-den-anfangen-bis-zur-gegenwart	8	126	0.063492	6.21
https://se.robotoys.eu/blogg/vad-du-behover-veta-innan-du-bygger-miniatyrhus	8	279	0.028674	8.14
https://fr.robotoys.eu/blog/lhistoire-du-celebre-tower-bridge-comment-amener-londres-chez-vous	7	2319	0.003019	8.28
https://pt.robotoys.eu/blogue/um-presente-para-o-homem-que-ja-tem-tudo-24-dicas-originais-que-o-vao-surpreender-de-verdade	6	315	0.019048	9.73
https://cz.robotoys.eu/blog/drevene-3d-puzzle-jak-vybrat-svoji-prvni-stavebnice-a-na-co-se-pripravit	5	230	0.021739	9.53
https://es.robotoys.eu/blog/10-herramientas-que-necesitas-al-armar-un-rompecabezas-3d-de-madera	5	289	0.017301	7.5
https://pl.robotoys.eu/blog/rokr-twoje-wejscie-do-swiata-kreatywnosci-i-rozrywki	5	235	0.021277	5.16
https://dk.robotoys.eu/blog/hvad-du-skal-vide-for-du-bygger-miniaturehuse	4	80	0.05	9.54
https://hu.robotoys.eu/blog/amit-miniatur-hazak-epitese-elott-tudni-kell	4	205	0.019512	7.38
https://pt.robotoys.eu/blogue/a-historia-da-famosa-tower-bridge-como-levar-londres-para-a-sua-casa	4	885	0.00452	8.11
https://ee.robotoys.eu/blogi/7-vastupandamatut-kingiideed-naistele	3	276	0.01087	23.54
https://ee.robotoys.eu/blogi/kuidas-vabaneda-stressist-10-tohusat-nouannet	3	85	0.035294	7.67
https://ee.robotoys.eu/blogi/top-5-tegevust-mis-toetavad-motoorsete-oskuste-arengut	3	77	0.038961	5.09
https://hr.robotoys.eu/blog/poklon-za-muskarca-koji-vec-ima-sve-24-originalna-savjeta-koji-ce-ga-zaista-iznenaditi	3	37	0.081081	8.62
https://hr.robotoys.eu/blog/top-5-aktivnosti-koje-podupiru-razvoj-motorickih-sposobnosti	3	171	0.017544	7.34
https://hu.robotoys.eu/blog/a-motoros-kepessegek-fejleszteset-tamogato-top-5-tevekenyseg	3	130	0.023077	15.05
https://it.robotoys.eu/blog/10-strumenti-di-cui-hai-bisogno-per-assemblare-un-puzzle-3d-in-legno	3	143	0.020979	8.25
https://lt.robotoys.eu/dienorastis/3d-mediniu-delioniu-istorija-nuo-pradziu-iki-dabar	3	20	0.15	6.3
https://bg.robotoys.eu/blog/rolife-krasotata-na-bavnyia-zhyvot-y-tvorchestvoto-napravy-sy-sam	2	13	0.153846	7.38
https://cz.robotoys.eu/blog/top-5-aktivit-ktere-podporuji-rozvoj-motorickych-schopnosti	2	67	0.029851	9.24
https://de.robotoys.eu/bloggen/10-werkzeuge-die-sie-zum-zusammenbau-eines-3d-holzpuzzles-benotigen	2	68	0.029412	8.32
https://de.robotoys.eu/bloggen/die-geschichte-der-beruhmten-tower-bridge-wie-sie-london-zu-ihnen-nach-hause-holen	2	487	0.004107	10.58
https://de.robotoys.eu/bloggen/was-sie-vor-dem-ersten-zusammenbau-eines-3d-holzpuzzles-vorbereiten-sollten	2	18	0.111111	7.61
https://es.robotoys.eu/blog/rolife-la-belleza-de-la-vida-lenta-y-la-creatividad-diy	2	39	0.051282	7.79
https://fr.robotoys.eu/blog/10-outils-dont-vous-avez-besoin-pour-assembler-un-puzzle-3d-en-bois	2	67	0.029851	12.01
https://gr.robotoys.eu/istologio/h-istoria-ths-diashmhs-gefyras-tower-bridge-pws-na-fereis-to-londino-sto-spiti-soy	2	261	0.007663	6.44
https://hr.robotoys.eu/blog/sto-trebate-znati-prije-izgradnje-minijaturnih-kuca	2	4	0.5	2.5
https://it.robotoys.eu/blog/puzzle-3d-in-legno-come-scegliere-il-tuo-primo-kit-di-costruzione-e-cosa-preparare	2	76	0.026316	6.07
https://it.robotoys.eu/blog/storia-dei-puzzle-in-legno-3d-dalle-origini-al-presente	2	379	0.005277	10.27
https://it.robotoys.eu/blog/un-regalo-per-luomo-che-ha-gia-tutto-24-consigli-originali-che-lo-sorprenderanno-davvero	2	50	0.04	19.14
https://lv.robotoys.eu/emuars/stasts-par-slaveno-tauera-tiltu-ka-atvest-londonu-savas-majas	2	109	0.018349	5.42
https://pt.robotoys.eu/blogue/10-ferramentas-que-voce-precisa-ao-montar-um-quebra-cabeca-3d-de-madeira	2	172	0.011628	7.38
https://pt.robotoys.eu/blogue/top-5-atividades-que-apoiam-o-desenvolvimento-de-habilidades-motoras	2	124	0.016129	8.34
https://ro.robotoys.eu/blog/ce-trebuie-sa-stiti-inainte-de-a-construi-case-in-miniatura	2	43	0.046512	6.42
https://ro.robotoys.eu/blog/cel-mai-bun-cadou-pentru-ea-un-colt-magic-pentru-un-iubitor-de-carte	2	32	0.0625	10.91
https://robotoys.eu/blog/rokr-your-entry-into-the-world-of-creativity-and-entertainment	2	630	0.003175	10.68
https://robotoys.eu/blog/the-story-of-the-famous-tower-bridge-how-to-bring-london-to-your-home	2	140	0.014286	8.36
https://se.robotoys.eu/blogg/top-5-aktiviteter-som-stodjer-utvecklingen-av-motorik	2	142	0.014085	11.31
https://si.robotoys.eu/blog/lesen-sopek-ki-nikoli-ne-oveni-odkrijte-carobnost-3d-cvetlicnih-sestavljank	2	27	0.074074	5.89
https://si.robotoys.eu/blog/top-5-dejavnosti-ki-podpirajo-razvoj-motoricnih-sposobnosti	2	46	0.043478	6.91
https://bg.robotoys.eu/blog/drveny-3d-pzely-kak-da-yzberete-prvyia-sy-komplekt-za-sglobiavane-y-za-kakvo-da-se-podgotvyte	1	13	0.076923	6.62
https://bg.robotoys.eu/blog/nai-dobryiat-podark-za-nego-orygynalen-s-ystorycheska-notka	1	10	0.1	4.4
https://bg.robotoys.eu/blog/razdvyzhete-mozka-sy-s-3d-drveny-mekhanychny-pzely	1	7	0.142857	6.57
https://bg.robotoys.eu/blog/yzgrazhdane-na-pzely-nai-dobroto-zanymanye-za-pensyonery	1	6	0.166667	6.67
https://cz.robotoys.eu/blog/co-si-pripravit-pred-prvnim-skladanim-dreveneho-3d-puzzle	1	13	0.076923	6
https://cz.robotoys.eu/blog/darek-pro-muze-ktery-uz-vsechno-ma-24-originalnich-tipu-ktere-ho-opravdu-prekvapi	1	31	0.032258	12.26
https://cz.robotoys.eu/blog/drevena-kytice-ktera-nikdy-nezvadne-objev-kouzlo-3d-puzzle-kvetin	1	199	0.005025	7.02
https://cz.robotoys.eu/blog/tiktok-trend-dopaminove-hobby-co-to-znamena-a-proc-jsou-puzzle-top-volba	1	1	1	2
https://de.robotoys.eu/bloggen/ratsel-bauen-die-beste-beschaftigung-fur-rentner	1	5	0.2	7.4
https://de.robotoys.eu/bloggen/world-of-tanks-jetzt-in-ihrem-regal	1	5	0.2	15.4
https://dk.robotoys.eu/blog/10-vaerktojer-du-skal-bruge-nar-du-samler-et-3d-puslespil-af-trae	1	45	0.022222	6.24
https://dk.robotoys.eu/blog/3d-puslespil-i-trae-sadan-vaelger-du-dit-forste-byggesaet-og-hvad-du-skal-forberede-dig-pa	1	44	0.022727	9.77
https://dk.robotoys.eu/blog/den-bedste-gave-til-ham-original-med-et-strejf-af-historie	1	6	0.166667	24.33
https://dk.robotoys.eu/blog/lille-historie-3d-byggesaet-der-kombinerer-kreativitet-sjov-og-kvalitet	1	133	0.007519	9.16
https://es.robotoys.eu/blog/que-preparar-antes-de-armar-un-rompecabezas-3d-de-madera-por-primera-vez	1	4	0.25	6.25
https://es.robotoys.eu/blog/rokr-tu-entrada-al-mundo-de-la-creatividad-y-el-entretenimiento	1	63	0.015873	9.59
https://fr.robotoys.eu/blog/construire-des-puzzles-la-meilleure-activite-pour-les-retraites	1	11	0.090909	5.91
https://fr.robotoys.eu/blog/le-meilleur-cadeau-pour-lui-original-avec-une-touche-dhistoire	1	6	0.166667	8.67
https://fr.robotoys.eu/blog/modeles-stem-et-bois	1	30	0.033333	8.13
https://fr.robotoys.eu/blog/puzzles-3d-en-bois-comment-choisir-son-premier-kit-de-construction-et-que-faut-il-preparer	1	24	0.041667	5.46
https://gr.robotoys.eu/istologio/ti-prepei-na-gnwrizete-prin-xtisete-miniatoyres-spitiwn	1	62	0.016129	6.42
https://gr.robotoys.eu/istologio/to-kalytero-dwro-gia-ayton-prwtotypo-me-mia-nota-istorias	1	17	0.058824	4.71
https://gr.robotoys.eu/istologio/to-kalytero-dwro-gia-ekeinh-mia-magikh-gwnia-gia-enan-bibliofilo	1	2	0.5	10
https://hr.robotoys.eu/blog/idealan-poklon-za-djecu-koji-razvija-kreativnost-i-strpljenje	1	13	0.076923	12.54
https://hr.robotoys.eu/blog/pokrenite-svoj-mozak-pomocu-3d-drvenih-mehanickih-slagalica	1	6	0.166667	7.67
https://hr.robotoys.eu/blog/povijest-3d-drvenih-slagalica-od-pocetaka-do-danas	1	13	0.076923	7.08
https://hr.robotoys.eu/blog/slaganje-zagonetki-najbolja-aktivnost-za-umirovljenike	1	16	0.0625	7.38
https://hr.robotoys.eu/blog/world-of-tanks-sad-na-tvojoj-polici	1	4	0.25	8
https://hu.robotoys.eu/blog/a-legjobb-ajandek-neki-varazslatos-sarok-a-konyvek-szerelmeseinek	1	72	0.013889	7.07
https://hu.robotoys.eu/blog/egy-soha-el-nem-hervado-fa-csokor-fedezd-fel-a-3d-s-viragkirakok-varazsat	1	22	0.045455	7.77
https://it.robotoys.eu/blog/cosa-devi-sapere-prima-di-costruire-case-in-miniatura	1	111	0.009009	7.52
https://it.robotoys.eu/blog/cosa-preparare-prima-di-assemblare-per-la-prima-volta-un-puzzle-3d-in-legno	1	11	0.090909	6.09
https://it.robotoys.eu/blog/metti-in-movimento-il-tuo-cervello-con-i-puzzle-meccanici-in-legno-3d	1	71	0.014085	8.65
https://it.robotoys.eu/blog/rokr-il-tuo-ingresso-nel-mondo-della-creativita-e-dellintrattenimento	1	112	0.008929	7.07
https://it.robotoys.eu/blog/stem-e-modelli-in-legno	1	35	0.028571	8.26
https://it.robotoys.eu/blog/top-5-attivita-che-supportano-lo-sviluppo-delle-capacita-motorie	1	40	0.025	6.92
https://lt.robotoys.eu/dienorastis/medine-puokste-kuri-niekada-nenuvysta-atraskite-3d-geliu-delioniu-magija	1	5	0.2	7
https://lt.robotoys.eu/dienorastis/top-5-veiklu-kurios-padeda-lavinti-motorinius-igudzius	1	26	0.038462	7.04
https://lv.robotoys.eu/emuars/ideala-davana-berniem-kas-attista-radosumu-un-pacietibu	1	1	1	12
https://lv.robotoys.eu/emuars/kas-jums-jazina-pirms-miniaturu-maju-buvniecibas	1	8	0.125	6.25
https://nl.robotoys.eu/blog/breng-je-hersenen-in-beweging-met-3d-houten-mechanische-puzzels	1	23	0.043478	9.91
https://nl.robotoys.eu/blog/de-tiktok-trend-dopamine-hobby-wat-betekent-het-en-waarom-puzzels-zo-populair-zijn	1	12	0.083333	6.08
https://nl.robotoys.eu/blog/een-ideaal-cadeau-voor-kinderen-dat-creativiteit-en-geduld-ontwikkelt	1	21	0.047619	13
https://nl.robotoys.eu/blog/top-5-activiteiten-die-de-ontwikkeling-van-motorische-vaardigheden-ondersteunen	1	40	0.025	33.73
https://nl.robotoys.eu/blog/world-of-tanks-nu-in-je-kast	1	10	0.1	6.4
https://pl.robotoys.eu/blog/10-narzedzi-potrzebnych-przy-skladaniu-drewnianych-puzzli-3d	1	48	0.020833	7.38
https://pt.robotoys.eu/blogue/quebra-cabecas-3d-de-madeira-como-escolher-seu-primeiro-kit-de-construcao-e-o-que-preparar-para-ele	1	15	0.066667	7.2
https://pt.robotoys.eu/blogue/rolife-a-beleza-da-vida-lenta-e-da-criatividade-diy	1	80	0.0125	6.94
https://ro.robotoys.eu/blog/cel-mai-bun-cadou-pentru-el-original-cu-un-strop-de-istorie	1	10	0.1	6.7
https://ro.robotoys.eu/blog/construirea-puzzle-urilor-cea-mai-buna-activitate-pentru-pensionari	1	10	0.1	8.7
https://ro.robotoys.eu/blog/povestea-celebrului-tower-bridge-cum-sa-aduci-londra-acasa	1	227	0.004405	9.46
https://robotoys.eu/blog/5-advantages-of-creative-building-blocks-for-the-development-of-fine-motor-skills-and-concentration	1	66	0.015152	6.8
https://robotoys.eu/blog/a-wooden-bouquet-that-never-withers-discover-the-magic-of-3d-flower-puzzles	1	229	0.004367	6.58
https://robotoys.eu/blog/rolife-the-beauty-of-slow-life-and-diy-creativity	1	101	0.009901	8.08
https://robotoys.eu/blog/what-to-prepare-before-assembling-a-wooden-3d-puzzle-for-the-first-time	1	20	0.05	7.75
https://robotoys.eu/blog/what-you-need-to-know-before-building-miniature-houses	1	89	0.011236	8.15
https://se.robotoys.eu/blogg/10-verktyg-du-behover-nar-du-satter-ihop-ett-3d-pussel-i-tra	1	24	0.041667	5.17
https://se.robotoys.eu/blogg/3d-pussel-i-tra-hur-du-valjer-ditt-forsta-byggset-och-vad-du-ska-forbereda-dig-for	1	25	0.04	6.92
https://se.robotoys.eu/blogg/bygga-pussel-den-basta-aktiviteten-for-pensionarer	1	29	0.034483	12.28
https://se.robotoys.eu/blogg/en-present-till-mannen-som-redan-har-allt-24-originella-tips-som-verkligen-kommer-att-overraska-honom	1	18	0.055556	9.83
https://se.robotoys.eu/blogg/fa-din-hjarna-i-rorelse-med-mekaniska-3d-pussel-i-tra	1	77	0.012987	12.01
https://se.robotoys.eu/blogg/the-story-of-the-famous-tower-bridge-how-to-bring-london-to-your-home	1	266	0.003759	8.49
https://si.robotoys.eu/blog/darilo-za-moskega-ki-ze-ima-vse-24-izvirnih-nasvetov-ki-ga-bodo-resnicno-presenetili	1	155	0.006452	8.9
https://si.robotoys.eu/blog/mala-zgodba-3d-kompleti-za-gradnjo-ki-zdruzujejo-ustvarjalnost-zabavo-in-kakovost	1	1	1	1
https://si.robotoys.eu/blog/najboljse-darilo-zanj-original-s-pridihom-zgodovine	1	9	0.111111	8.33
https://si.robotoys.eu/blog/najboljse-darilo-zanjo-carobni-koticek-za-knjigoljubca	1	5	0.2	3
https://si.robotoys.eu/blog/razgibajte-svoje-mozgane-s-3d-lesenimi-mehanskimi-ugankami	1	12	0.083333	10.67
https://si.robotoys.eu/blog/world-of-tanks-zdaj-na-vasi-polici	1	6	0.166667	6.67
https://bg.robotoys.eu/blog/10-ynstrumenta-ot-koyto-se-nuzhdaete-kogato-sglobiavate-drven-3d-pzel	0	20	0	5.85
https://bg.robotoys.eu/blog/5-nai-dobry-podarka-za-svety-valentyn-koyto-shche-zaradvat-vsychky	0	5	0	6.4
https://bg.robotoys.eu/blog/7-neustoymy-ydey-za-podark-za-zheny	0	23	0	12.39
https://bg.robotoys.eu/blog/drven-buket-koito-nykoga-ne-uviakhva-otkryite-magyiata-na-3d-pzelyte-s-tsvetia	0	17	0	7.41
https://bg.robotoys.eu/blog/esen-2025-sezon-na-baven-zhyvot-eto-dokazatelstvoto	0	1	0	14
https://bg.robotoys.eu/blog/kak-da-se-otrvem-ot-stresa-10-efektyvny-sveta	0	7	0	27.14
https://bg.robotoys.eu/blog/kakvo-da-podgotvyte-predy-da-sglobyte-drven-3d-pzel-za-prvy-pt	0	1	0	10
https://bg.robotoys.eu/blog/nai-dobryiat-podark-za-neia-vlshebno-ktche-za-liubytelia-na-knygyte	0	6	0	5.67
https://bg.robotoys.eu/blog/podark-za-mzha-koito-veche-yma-vsychko-24-orygynalny-sveta-koyto-naystyna-shche-go-yznenadat	0	48	0	9.25
https://bg.robotoys.eu/blog/stem-y-drveny-modely	0	1	0	6
https://bg.robotoys.eu/blog/strakhotny-svety-za-koledny-podartsy-koyto-shche-zaradvat-y-nai-vzyskatelnyte	0	1	0	15
https://bg.robotoys.eu/blog/tendentsyiata-v-tiktok-dopamynovo-khoby-kakvo-oznachava-y-zashcho-pzelyte-sa-top-yzbor	0	1	0	9
https://bg.robotoys.eu/blog/top-5-deinosty-koyto-podpomagat-razvytyeto-na-dvygatelnyte-umenyia	0	1	0	7
https://bg.robotoys.eu/blog/world-of-tanks-veche-na-vashyia-raft	0	6	0	6.5
https://bg.robotoys.eu/blog/ydealen-podark-za-detsa-koito-razvyva-kreatyvnostta-y-trpenyeto	0	6	0	5.83
https://bg.robotoys.eu/blog/ystoryia-na-3d-drveny-pzely-ot-nachaloto-do-dnes	0	9	0	8.56
https://bg.robotoys.eu/blog/zashcho-3d-drvenyte-modely-sa-ydealnyiat-podark-za-vsychky-vzrasty	0	2	0	10
https://cz.robotoys.eu/blog/10-nastroju-ktere-potrebujete-pri-skladani-dreveneho-3d-puzzle	0	38	0	6.82
https://cz.robotoys.eu/blog/5-nejlepsich-darku-na-valentyna-ktere-potesi-kazdeho	0	13	0	10.69
https://cz.robotoys.eu/blog/5-vyhod-kreativnich-stavebnic-pro-rozvoj-jemne-motoriky-a-koncentrace	0	16	0	5.81
https://cz.robotoys.eu/blog/7-neodolatelnych-tipu-na-darky-pro-zenu	0	135	0	19.04
https://cz.robotoys.eu/blog/co-potrebujete-vedet-pred-stavbou-miniaturnich-domku	0	1	0	9
https://cz.robotoys.eu/blog/historie-3d-drevenych-puzzle-od-pocatku-az-po-soucasnost	0	12	0	7.75
https://cz.robotoys.eu/blog/idealni-darek-pro-deti-ktery-rozviji-kreativitu-a-trpelivost	0	1	0	11
https://cz.robotoys.eu/blog/jak-se-zbavit-stresu-10-ucinnych-tipu	0	65	0	29.77
https://cz.robotoys.eu/blog/jak-vybrat-nejlepsi-dekoraci-do-domacnosti-tipy-a-triky	0	33	0	8.12
https://cz.robotoys.eu/blog/little-story-3d-stavebnice-ktere-spojuji-kreativitu-zabavu-a-kvalitu	0	31	0	5.1
https://cz.robotoys.eu/blog/nasli-jsme-dokonaly-valentynsky-darek	0	2	0	7.5
https://cz.robotoys.eu/blog/nejlepsi-darek-pro-nej-originalni-s-dotekem-historie	0	50	0	8.8
https://cz.robotoys.eu/blog/nejlepsi-darek-pro-ni-magicky-koutek-pro-milovnici-knih	0	35	0	14.11
https://cz.robotoys.eu/blog/podzim-2025-sezona-slow-life-tady-je-dukaz	0	1	0	15
https://cz.robotoys.eu/blog/privedte-svuj-mozek-do-pohybu-s-3d-drevenymi-mechanickymi-puzzle	0	3	0	4.67
https://cz.robotoys.eu/blog/proc-jsou-3d-drevene-modely-perfektnim-darkem-pro-kazdou-vekovou-kategorii	0	4	0	3.5
https://cz.robotoys.eu/blog/rokr-vas-vstup-do-stvoreni-kreativity-a-zabavy	0	1	0	1
https://cz.robotoys.eu/blog/rokr-vas-vstup-do-sveta-kreativity-a-zabavy	0	56	0	7.8
https://cz.robotoys.eu/blog/rolife-krasa-pomaleho-zivota-a-diy-kreativity	0	4	0	9.25
https://cz.robotoys.eu/blog/skvele-tipy-na-vanocni-darky-ktere-potesi-i-ty-nejnarocnejsi	0	11	0	14.09
https://cz.robotoys.eu/blog/stavani-puzzle-nejlepsi-aktivita-pro-duchodce	0	25	0	9.6
https://cz.robotoys.eu/blog/stem-a-drevene-modely	0	2	0	5
https://cz.robotoys.eu/blog/the-story-of-the-famous-tower-bridge-how-to-bring-london-to-your-home	0	345	0	11.07
https://cz.robotoys.eu/blog/world-of-tanks-nyni-i-na-tve-policce	0	16	0	8.5
https://de.robotoys.eu/bloggen/3d-holzpuzzles-wie-sie-ihr-erstes-bauset-auswahlen-und-worauf-sie-sich-vorbereiten-sollten	0	18	0	8
https://de.robotoys.eu/bloggen/5-vorteile-kreativer-bausteine-fur-die-entwicklung-von-feinmotorik-und-konzentration	0	40	0	6.33
https://de.robotoys.eu/bloggen/7-unwiderstehliche-geschenkideen-fur-frauen	0	60	0	7.8
https://de.robotoys.eu/bloggen/bringen-sie-ihr-gehirn-mit-mechanischen-3d-puzzles-aus-holz-in-schwung	0	14	0	11.71
https://de.robotoys.eu/bloggen/das-beste-geschenk-fur-ihn-original-mit-einem-hauch-von-geschichte	0	4	0	8.5
https://de.robotoys.eu/bloggen/das-beste-geschenk-fur-sie-eine-magische-ecke-fur-einen-bucherliebhaber	0	2	0	14.5
https://de.robotoys.eu/bloggen/der-tiktok-trend-dopamin-hobby-was-er-bedeutet-und-warum-puzzles-so-beliebt-sind	0	37	0	6.95
https://de.robotoys.eu/bloggen/die-5-besten-geschenke-zum-valentinstag-die-jedem-gefallen	0	2	0	7
https://de.robotoys.eu/bloggen/die-geschichte-der-beruehmten-tower-bridge-wie-sel-london-zu-ihnen-nach-hause-holen	0	1	0	1
https://de.robotoys.eu/bloggen/ein-geschenk-fur-den-mann-der-schon-alles-hat-24-originelle-tipps-die-ihn-garantiert-uberraschen-werden	0	7	0	27.57
https://de.robotoys.eu/bloggen/ein-holzstrauss-der-nie-verwelkt-entdecken-sie-die-magie-von-3d-blumenpuzzles	0	13	0	8.08
https://de.robotoys.eu/bloggen/herbst-2025-zeit-fur-langsames-leben-hier-ist-der-beweis	0	1	0	5
https://de.robotoys.eu/bloggen/rokr-ihr-einstieg-in-die-welt-der-kreativitat-und-unterhaltung	0	53	0	15.32
https://de.robotoys.eu/bloggen/so-wahlen-sie-die-beste-heimdekoration-aus-tipps-und-tricks	0	14	0	28.5
https://de.robotoys.eu/bloggen/top-5-aktivitaten-die-die-entwicklung-motorischer-fahigkeiten-unterstutzen	0	58	0	23.48
https://de.robotoys.eu/bloggen/top-5-aktivitaten-die-unterstutzen	0	1	0	1
https://de.robotoys.eu/bloggen/top-5-aktivitete-die-die-entwicklung-motorischer-fahigkeiten-unterstutzen	0	1	0	1
https://dk.robotoys.eu/blog/5-bedste-valentinsdagsgaver-der-vil-glaede-alle	0	11	0	12.64
https://dk.robotoys.eu/blog/5-fordele-ved-kreative-byggesten-til-udvikling-af-finmotorik-og-koncentration	0	6	0	5
https://dk.robotoys.eu/blog/7-uimodstaelige-gaveideer-til-kvinder	0	12	0	15.58
https://dk.robotoys.eu/blog/den-bedste-gave-til-hende-et-magisk-hjorne-for-en-bogelsker	0	12	0	7.33
https://dk.robotoys.eu/blog/en-gave-til-manden-der-allerede-har-alt-24-originale-tips-der-virkelig-vil-overraske-ham	0	1	0	9
https://dk.robotoys.eu/blog/en-ideel-gave-til-born-der-udvikler-kreativitet-og-talmodighed	0	2	0	14
https://dk.robotoys.eu/blog/en-traebuket-der-aldrig-visner-opdag-magien-ved-3d-blomsterpuslespil	0	1	0	8
https://dk.robotoys.eu/blog/fa-din-hjerne-i-gang-med-mekaniske-3d-gader-i-trae	0	32	0	7.25
https://dk.robotoys.eu/blog/har-vi-fundet-den-perfekte-valentinsdagsgave	0	7	0	15.86
https://dk.robotoys.eu/blog/historien-om-3d-traepuslespil-fra-begyndelserne-til-nutiden	0	3	0	5.67
https://dk.robotoys.eu/blog/hvad-skal-man-forberede-for-man-samler-et-3d-puslespil-af-trae-for-forste-gang	0	6	0	4.67
https://dk.robotoys.eu/blog/hvordan-man-slipper-af-med-stress-10-effektive-tips	0	139	0	23.17
https://dk.robotoys.eu/blog/hvorfor-er-3d-traemodeller-den-perfekte-gave-til-alle-aldre	0	18	0	7.5
https://dk.robotoys.eu/blog/hvorfor-er-3d-traemodeller-den-perfekte-gave-til-alle-aldre#1	0	1	0	9
https://dk.robotoys.eu/blog/hvorfor-er-3d-traemodeller-den-perfekte-gave-til-alle-aldre#2	0	1	0	9
https://dk.robotoys.eu/blog/rokr-din-indtraeden-i-en-verden-af-kreativitet-og-underholdning	0	5	0	9.2
https://dk.robotoys.eu/blog/rolife-skonheden-ved-langsomt-liv-og-diy-kreativitet	0	6	0	5.5
https://dk.robotoys.eu/blog/stem-og-traemodeller	0	2	0	4
https://dk.robotoys.eu/blog/tiktok-trenden-dopaminhobby-hvad-det-betyder-og-hvorfor-puslespil-er-et-populaert-valg	0	4	0	4.75
https://dk.robotoys.eu/blog/top-5-aktiviteter-der-understotter-udviklingen-af-motoriske-faerdigheder	0	41	0	13.12
https://dk.robotoys.eu/blog/world-of-tanks-nu-pa-hylden	0	9	0	4.67
https://ee.robotoys.eu/blogi/10-tooriista-mida-vajate-puidust-3d-pusle-kokkupanemisel	0	11	0	8.27
https://ee.robotoys.eu/blogi/3d-puidust-puslede-ajalugu-algusest-olevikuni	0	1	0	7
https://ee.robotoys.eu/blogi/5-parimat-sobrapaeva-kingitust-mis-meeldivad-koigile	0	6	0	28.33
https://ee.robotoys.eu/blogi/ideaalne-kingitus-lastele-mis-arendab-loovust-ja-kannatlikkust	0	1	0	9
https://ee.robotoys.eu/blogi/kingitus-mehele-kellel-on-juba-koik-olemas-24-originaalset-nippi-mis-teda-toeliselt-ullatavad	0	40	0	11.75
https://ee.robotoys.eu/blogi/kuidas-valida-parim-kodukaunistus-napunaiteid-ja-nippe	0	3	0	9.67
https://ee.robotoys.eu/blogi/lugu-kuulsast-tower-bridgeist-kuidas-tuua-london-oma-koju	0	56	0	10.25
https://ee.robotoys.eu/blogi/mida-enne-puidust-3d-pusle-esmakordset-kokkupanekut-ette-valmistada	0	4	0	3
https://ee.robotoys.eu/blogi/mida-peate-teadma-enne-miniatuursete-majade-ehitamist	0	2	0	6.5
https://ee.robotoys.eu/blogi/miks-on-3d-puidust-mudelid-ideaalne-kingitus-igas-vanuses	0	16	0	3.44
https://ee.robotoys.eu/blogi/pange-oma-aju-liikuma-3d-puidust-mehaaniliste-pusledega	0	13	0	8.62
https://ee.robotoys.eu/blogi/parim-kingitus-talle-ajaloo-puudutusega-originaal	0	14	0	10.86
https://ee.robotoys.eu/blogi/puidust-3d-pusled-kuidas-valida-oma-esimene-ehituskomplekt-ja-milleks-valmistuda	0	2	0	3
https://ee.robotoys.eu/blogi/puidust-kimp-mis-kunagi-narbub-avasta-3d-lillepuslede-volujoud	0	1	0	7
https://ee.robotoys.eu/blogi/puslede-ehitamine-parim-tegevus-pensionaridele	0	3	0	5.33
https://ee.robotoys.eu/blogi/rokr-teie-sisenemine-loovuse-ja-meelelahutuse-maailma	0	1	0	7
https://ee.robotoys.eu/blogi/rolife-aeglase-elu-ja-isetegemise-loovuse-ilu	0	23	0	7.57
https://ee.robotoys.eu/blogi/stem-ja-puidust-mudelid	0	11	0	8.73
https://ee.robotoys.eu/blogi/sugis-2025-vaikse-elu-hooaeg-siin-on-toestus	0	2	0	10.5
https://ee.robotoys.eu/blogi/tiktoki-trend-dopamiinihobi-mida-see-tahendab-ja-miks-on-moistatused-parim-valik	0	16	0	6.69
https://ee.robotoys.eu/blogi/vaike-lugu-3d-ehituskomplektid-mis-uhendavad-loovuse-lobususe-ja-kvaliteedi	0	1	0	8
https://ee.robotoys.eu/blogi/world-of-tanks-nuud-sinu-riiulil	0	2	0	6
https://es.robotoys.eu/blog/5-ventajas-de-los-bloques-de-construccion-creativos-para-el-desarrollo-de-la-motricidad-fina-y-la-concentracion	0	19	0	6.47
https://es.robotoys.eu/blog/7-ideas-de-regalos-irresistibles-para-mujeres	0	121	0	9.28
https://es.robotoys.eu/blog/como-elegir-la-mejor-decoracion-del-hogar-consejos-y-trucos	0	5	0	16.6
https://es.robotoys.eu/blog/construir-rompecabezas-la-mejor-actividad-para-jubilados	0	5	0	8
https://es.robotoys.eu/blog/el-mejor-regalo-para-el-original-con-un-toque-de-historia	0	2	0	4
https://es.robotoys.eu/blog/haz-que-tu-cerebro-se-mueva-con-rompecabezas-mecanicos-de-madera-en-3d	0	6	0	6.5
https://es.robotoys.eu/blog/historia-de-los-puzzles-de-madera-en-3d-desde-los-comienzos-hasta-la-actualidad	0	85	0	9.65
https://es.robotoys.eu/blog/little-story-kits-de-construccion-3d-que-combinan-creatividad-diversion-y-calidad	0	2	0	5.5
https://es.robotoys.eu/blog/lo-que-necesitas-saber-antes-de-construir-casas-en-miniatura	0	27	0	9.81
https://es.robotoys.eu/blog/otono-de-2025-temporada-de-vida-lenta-aqui-esta-la-prueba	0	2	0	47.5
https://es.robotoys.eu/blog/por-que-los-modelos-de-madera-3d-son-el-regalo-perfecto-para-todas-las-edades	0	4	0	7.5
https://es.robotoys.eu/blog/rompecabezas-3d-de-madera-como-elegir-tu-primer-kit-de-construccion-y-que-preparar-para	0	17	0	7.65
https://es.robotoys.eu/blog/stem-y-modelos-de-madera	0	29	0	6.45
https://es.robotoys.eu/blog/tendencia-de-tiktok-hobby-dopaminergico-que-significa-y-por-que-los-rompecabezas-son-una-de-las-mejores-opciones	0	10	0	6.5
https://es.robotoys.eu/blog/the-story-of-the-famous-tower-bridge-how-to-bring-london-to-your-home	0	1014	0	7.92
https://es.robotoys.eu/blog/top-5-actividades-que-apoyan-el-desarrollo-de-la-motricidad	0	37	0	8.73
https://es.robotoys.eu/blog/un-ramo-de-madera-que-nunca-se-marchita-descubre-la-magia-de-los-rompecabezas-de-flores-en-3d	0	6	0	11
https://es.robotoys.eu/blog/un-regalo-ideal-para-ninos-que-desarrolla-la-creatividad-y-la-paciencia	0	8	0	16.75
https://es.robotoys.eu/blog/un-regalo-para-el-hombre-que-ya-lo-tiene-todo-24-consejos-originales-que-realmente-lo-sorprenderan	0	24	0	44.88
https://es.robotoys.eu/blog/world-of-tanks-ya-esta-en-tu-estanteria	0	2	0	5
https://fr.robotoys.eu/blog/5-avantages-des-briques-creatives-pour-le-developpement-de-la-motricite-fine-et-de-la-concentration	0	2	0	9
https://fr.robotoys.eu/blog/5-meilleurs-cadeaux-de-saint-valentin-qui-plairont-a-tout-le-monde	0	2	0	30.5
https://fr.robotoys.eu/blog/7-idees-cadeaux-irresistibles-pour-les-femmes	0	6	0	27.33
https://fr.robotoys.eu/blog/automne-2025-saison-du-slow-life-la-preuve	0	1	0	39
https://fr.robotoys.eu/blog/ce-quil-faut-savoir-avant-de-construire-des-maisons-miniatures	0	10	0	9.7
https://fr.robotoys.eu/blog/histoire-des-puzzles-en-bois-3d-des-debuts-a-nos-jours	0	21	0	11.43
https://fr.robotoys.eu/blog/petite-histoire-des-kits-de-construction-3d-qui-allient-creativite-plaisir-et-qualite	0	4	0	6
https://fr.robotoys.eu/blog/rokr-votre-entree-dans-le-monde-de-la-creativite-et-du-divertissement	0	66	0	9.52
https://fr.robotoys.eu/blog/rolife-la-beaute-de-la-slow-life-et-de-la-creativite-diy	0	3	0	8.33
https://fr.robotoys.eu/blog/tendance-tiktok-passe-temps-dopaminergique-que-signifie-t-elle-et-pourquoi-les-puzzles-sont-ils-un-choix-privilegie	0	5	0	10.6
https://fr.robotoys.eu/blog/top-5-des-activites-qui-soutiennent-le-developpement-de-la-motricite	0	5	0	6.4
https://fr.robotoys.eu/blog/un-bouquet-de-bois-ne-se-fane-jamais-decouvrez-la-magie-des-puzzles-de-fleurs-3d	0	1	0	4
https://fr.robotoys.eu/blog/un-bouquet-de-bois-qui-ne-se-fane-jamais-decouvrez-la-magie-des-puzzles-de-fleurs-3d	0	4	0	10.75
https://fr.robotoys.eu/blog/un-cadeau-ideal-pour-le-developpement-de-la-creativite-et-la-patience	0	1	0	1
https://fr.robotoys.eu/blog/un-cadeau-pour-lhomme-qui-a-deja-tout-24-astuces-originales-qui-le-surprendront-vraiment	0	4	0	13.25
https://fr.robotoys.eu/blog/world-of-tanks-disponible-des-maintenant	0	7	0	8.43
https://gr.robotoys.eu/istologio/10-ergaleia-poy-xreiazeste-otan-synarmologeite-ena-ksylino-trisdiastato-pazl	0	1	0	9
https://gr.robotoys.eu/istologio/5-kalytera-dwra-gia-thn-hmera-toy-agioy-balentinoy-poy-tha-eyxaristhsoyn-oloys	0	7	0	21.29
https://gr.robotoys.eu/istologio/7-akatamaxhtes-idees-gia-dwra-gia-gynaikes	0	2	0	8
https://gr.robotoys.eu/istologio/balte-ton-egkefalo-sas-se-kinhsh-me-trisdiastata-ksylina-mhxanika-pazl	0	8	0	6.38
https://gr.robotoys.eu/istologio/ena-dwro-gia-ton-antra-poy-ta-exei-hdh-ola-24-prwtotypes-symboyles-poy-tha-ton-ekplhksoyn-pragmatika	0	2	0	12.5
https://gr.robotoys.eu/istologio/ena-ksylino-mpoyketo-poy-den-marainetai-pote-anakalypste-th-mageia-twn-trisdiastatwn-pazl-loyloydiwn	0	2	0	3.5
https://gr.robotoys.eu/istologio/fthinopwro-2025-epoxh-arghs-zwhs-idoy-h-apodeiksh	0	1	0	4
https://gr.robotoys.eu/istologio/h-tash-toy-tiktok-xompi-me-ntopaminh-ti-shmainei-kai-giati-ta-pazl-einai-mia-koryfaia-epilogh	0	1	0	2
https://gr.robotoys.eu/istologio/istoria-twn-3d-ksylinwn-pazl-apo-tis-arxes-ews-to-paron	0	2	0	20
https://gr.robotoys.eu/istologio/ksylina-trisdiastata-pazl-pws-na-epileksete-to-prwto-sas-kit-kataskeyhs-kai-ti-na-proetoimasete	0	1	0	15
https://gr.robotoys.eu/istologio/rokr-h-eisodos-sas-ston-kosmo-ths-dhmioyrgikothtas-kai-ths-psyxagwgias	0	2	0	6.5
https://gr.robotoys.eu/istologio/stem-kai-ksylina-montela	0	2	0	6
https://gr.robotoys.eu/istologio/top-5-drasthriothtes-poy-yposthrizoyn-thn-anaptyksh-twn-kinhtikwn-deksiothtwn	0	6	0	6.17
https://gr.robotoys.eu/istologio/world-of-tanks-twra-sto-rafi-sas	0	7	0	7.14
https://hr.robotoys.eu/blog/10-alata-koji-su-vam-potrebni-za-sastavljanje-drvene-3d-slagalice	0	1	0	5
https://hr.robotoys.eu/blog/5-najboljih-poklona-za-valentinovo-koji-ce-se-svidjeti-svima	0	2	0	14.5
https://hr.robotoys.eu/blog/5-prednosti-kreativnih-gradivnih-blokova-za-razvoj-fine-motorike-i-koncentracije	0	5	0	5
https://hr.robotoys.eu/blog/drvene-3d-slagalice-kako-odabrati-svoj-prvi-komplet-za-slaganje-i-na-sto-se-pripremiti	0	7	0	4.57
https://hr.robotoys.eu/blog/drveni-buket-koji-nikad-ne-vene-otkrijte-caroliju-3d-cvjetnih-slagalica	0	4	0	8.75
https://hr.robotoys.eu/blog/kako-odabrati-najbolji-ukras-za-dom-savjeti-i-trikovi	0	1	0	8
https://hr.robotoys.eu/blog/kako-se-rijesiti-stresa-10-ucinkovitih-savjeta	0	6	0	20
https://hr.robotoys.eu/blog/mala-prica-3d-kompleti-za-gradnju-koji-spajaju-kreativnost-zabavu-i-kvalitetu	0	1	0	6
https://hr.robotoys.eu/blog/najbolji-poklon-za-njega-original-s-daskom-povijesti	0	2	0	5
https://hr.robotoys.eu/blog/prica-o-poznatom-tower-bridgeu-kako-dovesti-london-u-svoj-dom	0	183	0	7.86
https://hr.robotoys.eu/blog/rokr-vas-ulazak-u-svijet-kreativnosti-i-zabave	0	1	0	7
https://hr.robotoys.eu/blog/rolife-ljepota-sporog-zivota-i-diy-kreativnost	0	2	0	6.5
https://hr.robotoys.eu/blog/sto-pripremiti-prije-prvog-sastavljanja-drvene-3d-slagalice	0	1	0	3
https://hr.robotoys.eu/blog/tiktok-trend-dopaminski-hobi-sto-to-znaci-i-zasto-su-zagonetke-odlican-izbor	0	2	0	2.5
https://hr.robotoys.eu/blog/top-5-aktivnosti-koje-podupiru-razvoj-motrickih-sposobnosti	0	1	0	1
https://hu.robotoys.eu/blog/10-eszkoz-amire-szukseged-lesz-egy-fabol-keszult-3d-puzzle-osszeallitasahoz	0	17	0	4.65
https://hu.robotoys.eu/blog/2025-osze-a-lassu-elet-szezonja-ime-a-bizonyitek	0	1	0	1
https://hu.robotoys.eu/blog/5-legjobb-valentin-napi-ajandek-ami-mindenkinek-tetszeni-fog	0	66	0	19.77
https://hu.robotoys.eu/blog/7-ellenallhatatlan-ajandekotlet-noknek	0	10	0	18.8
https://hu.robotoys.eu/blog/a-3d-fa-kirakok-tortenete-a-kezdetektol-a-jelenig	0	2	0	8.5
https://hu.robotoys.eu/blog/a-legjobb-ajandek-neki-eredeti-egy-kis-tortenelemmel	0	57	0	14.05
https://hu.robotoys.eu/blog/ajandek-annak-a-ferfinak-akinek-mar-mindene-megvan-24-eredeti-tipp-amivel-igazan-meglepi-majd	0	14	0	13
https://hu.robotoys.eu/blog/fa-3d-s-kirakok-hogyan-valasszuk-ki-az-elso-epitokeszletunket-es-mire-kell-felkeszulnunk	0	11	0	15.36
https://hu.robotoys.eu/blog/hogyan-szabaduljunk-meg-a-stressztol-10-hatekony-tipp	0	5	0	9.2
https://hu.robotoys.eu/blog/kis-tortenet-3d-epitokeszletek-amelyek-otvozik-a-kreativitast-a-szorakozast-es-a-minoseget	0	1	0	7
https://hu.robotoys.eu/blog/mit-kell-elokesziteni-mielott-eloszor-osszeraknank-egy-3d-s-fa-puzzle-t	0	4	0	3.25
https://hu.robotoys.eu/blog/mozgassa-az-agyat-a-3d-fa-mechanikus-rejtvenyekkel	0	1	0	5
https://hu.robotoys.eu/blog/rejtvenyek-epitese-a-legjobb-tevekenyseg-nyugdijasok-szamara	0	11	0	4.36
https://hu.robotoys.eu/blog/rokr-belepes-a-kreativitas-es-a-szorakozas-vilagaba	0	1	0	10
https://hu.robotoys.eu/blog/stem-es-fa-modellek	0	2	0	1.5
https://hu.robotoys.eu/blog/the-story-of-the-famous-tower-bridge-how-to-bring-london-to-your-home	0	126	0	11.01
https://hu.robotoys.eu/blog/tiktok-trend-dopamin-hobbi-mit-jelent-es-miert-a-rejtvenyek-a-legjobb-valasztas	0	10	0	5.1
https://it.robotoys.eu/blog/2-strumenti-di-cui-hai-bisogno-per-assemblare-un-puzzle-3d-in-legno	0	1	0	1
https://it.robotoys.eu/blog/7-idee-regalo-irresistibili-per-le-donne	0	24	0	8.17
https://it.robotoys.eu/blog/autunno-2025-stagione-di-vita-lenta-ecco-la-prova	0	1	0	7
https://it.robotoys.eu/blog/come-liberarsi-dello-stress-10-consigli-efficaci	0	70	0	31.73
https://it.robotoys.eu/blog/costruire-puzzle-lattivita-migliore-per-i-pensionati	0	36	0	8.11
https://it.robotoys.eu/blog/il-regalo-migliore-per-lei-un-angolo-magico-per-un-amante-dei-libri	0	1	0	5
https://it.robotoys.eu/blog/il-regalo-migliore-per-lui-originale-con-un-tocco-di-storia	0	1	0	10
https://it.robotoys.eu/blog/il-trend-di-tiktok-hobby-della-dopamina-cosa-significa-e-perche-i-puzzle-sono-tra-le-scelte-piu-gettonate	0	24	0	7.71
https://it.robotoys.eu/blog/piccola-storia-kit-di-costruzione-3d-che-uniscono-creativita-divertimento-e-qualita	0	53	0	9.36
https://it.robotoys.eu/blog/rolife-la-bellezza-della-vita-lenta-e-della-creativita-fai-da-te	0	106	0	6.71
https://it.robotoys.eu/blog/the-story-of-the-famous-tower-bridge-how-to-bring-london-to-your-home	0	505	0	8.9
https://it.robotoys.eu/blog/top-5-attivita-that-supportano-lo-sviluppo-delle-capacita-motorie	0	1	0	1
https://it.robotoys.eu/blog/un-bouquet-di-legno-che-non-appassisce-mai-scopri-la-magia-dei-puzzle-floreali-3d	0	237	0	6.05
https://it.robotoys.eu/blog/un-regalo-ideale-per-i-bambini-che-sviluppa-creativita-e-pazienza	0	3	0	8
https://it.robotoys.eu/blog/world-of-tanks-ora-disponibile-sul-tuo-scaffale	0	14	0	8.64
https://lt.robotoys.eu/dienorastis/5-geriausios-valentino-dienos-dovanos-kurios-patiks-visiems	0	11	0	51.91
https://lt.robotoys.eu/dienorastis/7-nenugalimos-dovanu-idejos-moterims	0	2	0	3
https://lt.robotoys.eu/dienorastis/dovana-vyrui-kuris-jau-viska-turi-24-originalus-patarimai-kurie-ji-tikrai-nustebins	0	5	0	12.4
https://lt.robotoys.eu/dienorastis/garsiojo-tauerio-tilto-istorija-kaip-pritraukti-londona-i-savo-namus	0	149	0	8.1
https://lt.robotoys.eu/dienorastis/geriausia-dovana-jai-stebuklingas-kampelis-knygu-myletojui	0	4	0	9.25
https://lt.robotoys.eu/dienorastis/kaip-atsikratyti-streso-10-efektyviu-patarimu	0	1	0	9
https://lt.robotoys.eu/dienorastis/kodel-3d-mediniai-modeliai-yra-puiki-dovana-bet-kokio-amziaus-zmonems	0	1	0	7
https://lt.robotoys.eu/dienorastis/maza-istorija-3d-konstravimo-rinkiniai-kuriuose-dera-kurybiskumas-linksmybes-ir-kokybe	0	7	0	7.86
https://lt.robotoys.eu/dienorastis/mediniai-3d-deliones-kaip-issirinkti-pirmaji-konstravimo-rinkini-ir-kam-pasiruosti	0	5	0	12
https://lt.robotoys.eu/dienorastis/pajudinkite-savo-smegenis-naudodami-3d-medinius-mechaninius-galvosukius	0	1	0	2
https://lt.robotoys.eu/dienorastis/stem-ir-mediniai-modeliai	0	1	0	3
https://lt.robotoys.eu/dienorastis/world-of-tanks-dabar-jusu-lentynoje	0	10	0	7.2
https://lv.robotoys.eu/emuars/10-riki-kas-nepieciesami-koka-3d-puzles-saliksanai	0	9	0	5.44
https://lv.robotoys.eu/emuars/3d-koka-puzlu-vesture-no-sakuma-lidz-musdienam	0	3	0	7.67
https://lv.robotoys.eu/emuars/5-labakas-valentindienas-davanas-kas-iepriecinas-ikvienu	0	5	0	38.4
https://lv.robotoys.eu/emuars/7-neatvairamas-davanu-idejas-sievietem	0	7	0	6.71
https://lv.robotoys.eu/emuars/davana-virietim-kuram-jau-viss-ir-24-originali-padomi-kas-vinu-patiesam-parsteigs	0	3	0	34.33
https://lv.robotoys.eu/emuars/iekustiniet-smadzenes-izmantojot-3d-koka-mehaniskas-puzles	0	3	0	3.33
https://lv.robotoys.eu/emuars/ka-atbrivoties-no-stresa-10-efektivi-padomi	0	3	0	12.33
https://lv.robotoys.eu/emuars/ka-izveleties-labako-majas-rotajumu-padomi-un-triki	0	4	0	30.25
https://lv.robotoys.eu/emuars/kapec-3d-koka-modeli-ir-lieliska-davana-visu-vecumu-cilvekiem	0	3	0	4
https://lv.robotoys.eu/emuars/koka-3d-puzles-ka-izveleties-savu-pirmo-buvesanas-komplektu-un-kam-sagatavoties	0	9	0	7.11
https://lv.robotoys.eu/emuars/koka-puskis-kas-nekad-nenovist-atklajiet-3d-ziedu-puzlu-burvibu	0	3	0	5
https://lv.robotoys.eu/emuars/labaka-davana-vinai-magisks-sturitis-gramatu-milotajam	0	1	0	9
https://lv.robotoys.eu/emuars/labaka-davana-vinam-originals-ar-vestures-piesitienu	0	1	0	31
https://lv.robotoys.eu/emuars/mazs-stasts-3d-buvniecibas-komplekti-kas-apvieno-radosumu-jautribu-un-kvalitati	0	1	0	9
https://lv.robotoys.eu/emuars/puzles-veidosana-labaka-aktivitate-pensionariem	0	1	0	10
https://lv.robotoys.eu/emuars/rokr-jusu-ienaksana-radosuma-un-izklaides-pasaule	0	1	0	9
https://lv.robotoys.eu/emuars/stem-un-koka-modeli	0	4	0	13
https://lv.robotoys.eu/emuars/top-5-aktivitates-kas-atbalsta-motorisko-prasmju-attistibu	0	11	0	5.18
https://nl.robotoys.eu/blog/10-gereedschappen-die-je-nodig-hebt-bij-het-samenstellen-van-een-houten-3d-puzzel	0	115	0	10.47
https://nl.robotoys.eu/blog/5-beste-valentijnsdagcadeaus-die-iedereen-zullen-plezieren	0	10	0	11.1
https://nl.robotoys.eu/blog/7-onweerstaanbare-cadeau-ideeen-voor-vrouwen	0	245	0	60.94
https://nl.robotoys.eu/blog/een-cadeau-voor-de-man-die-alles-al-heeft-24-originele-tips-die-hem-echt-zullen-verrassen	0	9	0	9.44
https://nl.robotoys.eu/blog/een-houten-boeket-dat-nooit-verwelkt-ontdek-de-magie-van-3d-bloemenpuzzels	0	17	0	10.76
https://nl.robotoys.eu/blog/geschiedenis-van-3d-houten-puzzels-van-het-begin-tot-het-heden	0	15	0	14.6
https://nl.robotoys.eu/blog/herfst-2025-slow-life-seizoen-hier-is-het-bewijs	0	1	0	10
https://nl.robotoys.eu/blog/het-verhaal-van-de-beroemde-tower-bridge-hoe-je-londen-bij-je-thuis-brengt	0	405	0	8.99
https://nl.robotoys.eu/blog/hoe-u-de-beste-woondecoratie-kiest-tips-en-trucs	0	2	0	11
https://nl.robotoys.eu/blog/hoe-zich-te-ontdoen-van-stress-10-effectieve-tips	0	27	0	91.52
https://nl.robotoys.eu/blog/houten-3d-puzzels-hoe-kies-je-je-eerste-bouwset-en-waar-moet-je-je-op-voorbereiden	0	26	0	7.92
https://nl.robotoys.eu/blog/little-story-3d-bouwpakketten-die-creativiteit-plezier-en-kwaliteit-combineren	0	4	0	5
https://nl.robotoys.eu/blog/puzzels-bouwen-de-beste-activiteit-voor-gepensioneerden	0	11	0	10.18
https://nl.robotoys.eu/blog/rokr-jouw-toegang-tot-de-wereld-van-creativiteit-en-entertainment	0	13	0	7.38
https://nl.robotoys.eu/blog/rolife-de-schoonheid-van-een-langzaam-leven-en-doe-het-zelf-creativiteit	0	5	0	9.4
https://nl.robotoys.eu/blog/waarom-zijn-3d-houten-modellen-het-perfecte-cadeau-voor-alle-leeftijden	0	1	0	1
https://nl.robotoys.eu/blog/wat-is-het-beste-cadeau-voor-haar-een-magische-hoek-voor-een-boekenliefhebber	0	4	0	7
https://nl.robotoys.eu/blog/wat-is-het-beste-cadeau-voor-hem-origineel-met-een-vleugje-geschiedenis	0	8	0	25.88
https://pl.robotoys.eu/blog/5-najlepszych-prezentow-walentynkowych-ktore-uciesza-kazdego	0	2	0	47
https://pl.robotoys.eu/blog/7-nieodpartych-pomyslow-na-prezent-dla-kobiet	0	1	0	11
https://pl.robotoys.eu/blog/budowanie-puzzli-najlepsza-aktywnosc-dla-emeryta	0	17	0	9.76
https://pl.robotoys.eu/blog/co-musisz-wiedziec-przed-budowa-miniaturowych-domow	0	34	0	7.09
https://pl.robotoys.eu/blog/co-przygotowac-przed-pierwszym-zlozeniem-drewnianej-ukladanki-3d	0	11	0	6.73
https://pl.robotoys.eu/blog/drewniane-puzzle-3d-jak-wybrac-swoj-pierwszy-zestaw-do-budowania-i-na-co-sie-przygotowac	0	113	0	5.72
https://pl.robotoys.eu/blog/drewniany-bukiet-ktory-nigdy-nie-zwiednie-odkryj-magie-trojwymiarowych-puzzli-kwiatowych	0	23	0	8.13
https://pl.robotoys.eu/blog/historia-3d-drewnianych-puzzli-od-poczatkow-do-terazniejszosci	0	20	0	10.7
https://pl.robotoys.eu/blog/jak-wybrac-najlepsza-dekoracje-domu-porady-i-wskazowki	0	6	0	7.83
https://pl.robotoys.eu/blog/jesien-2025-sezon-slow-life-oto-dowod	0	1	0	1
https://pl.robotoys.eu/blog/little-story-zestawy-konstrukcyjne-3d-ktore-lacza-kreatywnosc-zabawe-i-jakosc	0	5	0	8.4
https://pl.robotoys.eu/blog/modele-stem-i-drewniane	0	47	0	10.55
https://pl.robotoys.eu/blog/najlepszy-prezent-dla-niego-oryginal-z-nuta-historii	0	1	0	7
https://pl.robotoys.eu/blog/najlepszy-prezent-dla-niej-magiczny-kacik-dla-milosnika-ksiazek	0	4	0	15.75
https://pl.robotoys.eu/blog/prezent-dla-mezczyzny-ktory-ma-juz-wszystko-24-oryginalne-porady-ktore-naprawde-go-zaskocza	0	6	0	16.67
https://pl.robotoys.eu/blog/rokr-twoje-wejs-cie-do-swiata-kreatywnosci-i-rozrywki	0	1	0	1
https://pl.robotoys.eu/blog/rolife-piekno-slow-life-i-kreatywnosci-diy	0	30	0	6.4
https://pl.robotoys.eu/blog/rolife-piekno-slow-life-i-kreatywnosti-diy	0	2	0	1
https://pl.robotoys.eu/blog/the-story-of-the-famous-tower-bridge-how-to-bring-london-to-your-home	0	658	0	10.22
https://pl.robotoys.eu/blog/top-5-zajec-wspierajace-motoryczne	0	1	0	1
https://pl.robotoys.eu/blog/top-5-zajec-wspierajacych-rozwoj-umiejetnosci-motorycznych	0	99	0	7.34
https://pl.robotoys.eu/blog/trend-na-tiktoku-hobby-dopaminowe-co-oznacza-i-dlaczego-lamiglowki-sa-najlepszym-wyborem	0	4	0	1.25
https://pl.robotoys.eu/blog/world-of-tanks-juz-na-twajej-polce	0	1	0	1
https://pl.robotoys.eu/blog/world-of-tanks-juz-na-twojej-polce	0	33	0	9.88
https://pt.robotoys.eu/blogue/5-melhores-presentes-de-dia-dos-namorados-que-agradarao-a-todos	0	1	0	9
https://pt.robotoys.eu/blogue/5-vantagens-dos-blocos-de-construcao-criativos-para-o-desenvolvimento-de-habilidades-motoras-finas-e-concentracao	0	16	0	5.25
https://pt.robotoys.eu/blogue/7-ideias-de-presentes-irresistiveis-para-mulheres	0	34	0	35.38
https://pt.robotoys.eu/blogue/a-historia-famosa-tower-bridge-como-levar-londres-para-a-sua-casa	0	1	0	1
https://pt.robotoys.eu/blogue/a-tendencia-do-tiktok-hobby-da-dopamina-o-que-significa-e-por-que-os-quebra-cabecas-sao-uma-otima-opcao	0	20	0	8.55
https://pt.robotoys.eu/blogue/coloque-seu-cerebro-em-movimento-com-quebra-cabecas-mecanicos-de-madeira-em-3d	0	12	0	7.92
https://pt.robotoys.eu/blogue/como-escolher-a-melhor-decoracao-para-a-casa-dicas-e-truques	0	1	0	18
https://pt.robotoys.eu/blogue/historia-dos-quebra-cabecas-de-madeira-em-3d-do-inicio-ao-presente	0	11	0	5.82
https://pt.robotoys.eu/blogue/o-melhor-presente-para-ela-um-canto-magico-para-um-amante-de-livros	0	1	0	8
https://pt.robotoys.eu/blogue/o-melhor-presente-para-ele-original-com-um-toque-de-historia	0	3	0	11
https://pt.robotoys.eu/blogue/o-que-voce-precisa-saber-antes-de-construir-casas-em-miniatura	0	27	0	6.19
https://pt.robotoys.eu/blogue/pequena-historia-kits-de-construcao-3d-que-combinam-criatividade-diversao-e-qualidade	0	7	0	6.29
https://pt.robotoys.eu/blogue/rokr-sua-entrada-no-mundo-da-criatividade-e-do-entretenimento	0	9	0	10
https://pt.robotoys.eu/blogue/stem-e-modelos-de-madeira	0	5	0	5.6
https://pt.robotoys.eu/blogue/um-buque-de-madeira-que-nunca-murcha-descubra-a-magia-dos-quebra-cabecas-de-flores-3d	0	7	0	14
https://pt.robotoys.eu/blogue/world-of-tanks-ja-na-sua-estante	0	2	0	7.5
https://ro.robotoys.eu/blog/10-unelte-de-care-aveti-nevoie-atunci-cand-asamblati-un-puzzle-3d-din-lemn	0	8	0	6.12
https://ro.robotoys.eu/blog/5-cele-mai-bune-cadouri-de-ziua-indragostitilor-care-vor-multumi-pe-toata-lumea	0	14	0	13.29
https://ro.robotoys.eu/blog/7-idei-de-cadouri-irezistibile-pentru-femei	0	5	0	9.2
https://ro.robotoys.eu/blog/ce-trebuie-sa-pregatesti-inainte-de-a-asambla-un-puzzle-3d-din-lemn-pentru-prima-data	0	1	0	9
https://ro.robotoys.eu/blog/cum-sa-scapi-de-stres-10-sfaturi-eficiente	0	15	0	25.8
https://ro.robotoys.eu/blog/istoria-puzzle-urilor-din-lemn-3d-de-la-inceputuri-pana-in-prezent	0	19	0	8
https://ro.robotoys.eu/blog/misca-ti-creierul-cu-puzzle-uri-mecanice-din-lemn-3d	0	2	0	8
https://ro.robotoys.eu/blog/puzzle-uri-3d-din-lemn-cum-sa-alegi-primul-tau-kit-de-constructie-si-pentru-ce-sa-te-pregatesti	0	2	0	8.5
https://ro.robotoys.eu/blog/tendinta-tiktok-hobby-ul-dopaminei-ce-inseamna-si-de-ce-puzzle-urile-sunt-o-alegere-de-top	0	14	0	25.07
https://ro.robotoys.eu/blog/top-5-activitati-care-sustin-dezvoltarea-abilitatilor-motorii	0	35	0	7.83
https://ro.robotoys.eu/blog/un-buchet-din-lemn-care-nu-se-ofileste-niciodata-descopera-magia-puzzle-urilor-3d-cu-flori	0	1	0	7
https://ro.robotoys.eu/blog/un-cadou-ideal-pentru-copii-care-dezvolta-creativitatea-si-rabdarea	0	1	0	7
https://ro.robotoys.eu/blog/un-cadou-pentru-barbatul-care-are-deja-totul-24-de-sfaturi-originale-care-il-vor-surprinde-cu-adevarat	0	11	0	41.82
https://ro.robotoys.eu/blog/world-of-tanks-acum-pe-raftul-tau	0	8	0	7.12
https://robotoys.eu/blog/5-best-valentines-day-gifts-that-will-please-everyone	0	3	0	63.33
https://robotoys.eu/blog/7-irresistible-gift-ideas-for-women	0	1	0	11
https://robotoys.eu/blog/a-gift-for-the-man-who-already-has-everything-24-original-tips-that-will-really-surprise-him	0	1	0	9
https://robotoys.eu/blog/building-puzzles-the-best-activity-for-retirees	0	31	0	8.87
https://robotoys.eu/blog/fall-2025-slow-life-season-heres-the-proof	0	2	0	8.5
https://robotoys.eu/blog/get-your-brain-moving-with-3d-wooden-mechanical-puzzles	0	25	0	8.44
https://robotoys.eu/blog/how-to-choose-the-best-home-decoration-tips-and-tricks	0	4	0	6
https://robotoys.eu/blog/little-story-3d-construction-kits-that-combine-creativity-fun-and-quality	0	12	0	5.5
https://robotoys.eu/blog/main-blog/the-fascinating-history-of-wooden-3d-puzzles-from-ancient-craft-to-mo	0	1	0	1
https://robotoys.eu/blog/stem-and-wooden-models	0	41	0	8.1
https://robotoys.eu/blog/the-best-gift-for-her-a-magical-corner-for-a-book-lover	0	5	0	6.4
https://robotoys.eu/blog/the-best-gift-for-him-original-with-a-touch-of-history	0	20	0	12.15
https://robotoys.eu/blog/tiktok-trend-dopamine-hobby-what-it-means-and-why-puzzles-are-a-top-choice	0	38	0	4.71
https://robotoys.eu/blog/top-5-activities-that-support-the-development-of-motor-skills	0	30	0	10.33
https://robotoys.eu/blog/why-are-3d-wooden-models-the-perfect-gift-for-all-ages	0	6	0	5
https://robotoys.eu/blog/world-of-tanks-now-on-your-shelf	0	23	0	7.43
https://se.robotoys.eu/blogg/5-basta-alla-hjartans-dag-presenter-som-kommer-att-gladja-alla	0	4	0	10.25
https://se.robotoys.eu/blogg/5-fordelar-med-kreativa-byggstenar-for-utveckling-av-finmotorik-och-koncentration	0	1	0	5
https://se.robotoys.eu/blogg/7-oemotstandliga-presentideer-for-kvinnor	0	4	0	7.25
https://se.robotoys.eu/blogg/basta-presenten-till-henne-ett-magiskt-horn-for-en-bokalskare	0	7	0	8.71
https://se.robotoys.eu/blogg/basta-presenten-till-honom-original-med-en-touch-av-historia	0	19	0	7.63
https://se.robotoys.eu/blogg/en-trabukett-som-aldrig-vissnar-upptack-magin-med-3d-blompussel	0	1	0	34
https://se.robotoys.eu/blogg/fa-din-hjarna-i-rorelse-med-mekaniska-3d-pussel-i-tra#fordelar-med-att-losa-mekaniska-3d-pussel-i-tra	0	5	0	5.8
https://se.robotoys.eu/blogg/fa-din-hjarna-i-rorelse-med-mekaniska-3d-pussel-i-tra#hur-man-valjer-ratt-mekaniskt-3d-trapussel	0	5	0	5.8
https://se.robotoys.eu/blogg/fa-din-hjarna-i-rorelse-med-mekaniska-3d-pussel-i-tra#introduktion-till-mekaniska-3d-pussel-i-tra	0	5	0	5.8
https://se.robotoys.eu/blogg/fa-din-hjarna-i-rorelse-med-mekaniska-3d-pussel-i-tra#kit-for-att-bygga-dina-egna-mekaniska-3d-pussel-i-tra	0	5	0	5.8
https://se.robotoys.eu/blogg/fa-din-hjarna-i-rorelse-med-mekaniska-3d-pussel-i-tra#olika-typer-av-mekaniska-3d-pussel-i-tra	0	5	0	5.8
https://se.robotoys.eu/blogg/fa-din-hjarna-i-rorelse-med-mekaniska-3d-pussel-i-tra#tips-for-att-losa-mekaniska-3d-pussel-i-tra	0	5	0	5.8
https://se.robotoys.eu/blogg/fa-din-hjarna-i-rorelse-med-mekaniska-3d-pussel-i-tra#var-kan-man-kopa-mekaniskt-3d-pussel-i-tra	0	5	0	5.8
https://se.robotoys.eu/blogg/historien-om-3d-trapussel-fran-borjan-till-nutid	0	13	0	7.31
https://se.robotoys.eu/blogg/hur-man-blir-av-med-stress-10-effektiva-tips	0	7	0	52.57
https://se.robotoys.eu/blogg/hur-man-valjer-den-basta-heminredningen-tips-och-tricks	0	1	0	1
https://se.robotoys.eu/blogg/little-story-3d-byggsatser-som-kombinerar-kreativitet-noje-och-kvalitet	0	6	0	8.83
https://se.robotoys.eu/blogg/rokr-ditt-intrade-i-en-varld-av-kreativitet-och-underhallning	0	2	0	20
https://se.robotoys.eu/blogg/rolife-skonheten-med-langsamt-liv-och-diy-kreativitet	0	8	0	7.75
https://se.robotoys.eu/blogg/stem-och-tramodeller	0	6	0	6.67
https://se.robotoys.eu/blogg/tiktok-trenden-dopaminhobby-vad-det-betyder-och-varfor-pussel-ar-ett-toppval	0	4	0	5.25
https://se.robotoys.eu/blogg/vad-man-ska-forbereda-innan-man-satter-ihop-ett-3d-pussel-i-tra-for-forsta-gangen	0	2	0	2
https://se.robotoys.eu/blogg/varfor-ar-3d-tramodeller-den-perfekta-presenten-for-alla-aldrar	0	2	0	6
https://se.robotoys.eu/blogg/world-of-tanks-nu-pa-hyllan	0	5	0	7.2
https://si.robotoys.eu/blog/10-orodij-ki-jih-potrebujete-pri-sestavljanju-lesene-3d-sestavljanke	0	12	0	5.75
https://si.robotoys.eu/blog/5-najboljsih-daril-za-valentinovo-ki-bodo-razveselila-vsakogar	0	6	0	7.33
https://si.robotoys.eu/blog/7-neustavljivih-idej-za-darila-za-zenske	0	14	0	11.57
https://si.robotoys.eu/blog/idealno-darilo-za-otroke-ki-razvija-ustvarjalnost-in-potrpezljivost	0	5	0	12.4
https://si.robotoys.eu/blog/jesen-2025-sezona-umirjenega-zivljenja-tukaj-je-dokaz	0	2	0	6
https://si.robotoys.eu/blog/kaj-morate-vedeti-preden-zgradite-miniaturne-hise	0	2	0	8
https://si.robotoys.eu/blog/kaj-pripraviti-pred-prvim-sestavljanjem-lesene-3d-sestavljanke	0	1	0	4
https://si.robotoys.eu/blog/kako-izbrati-najboljso-dekoracijo-za-dom-nasveti-in-triki	0	2	0	9.5
https://si.robotoys.eu/blog/kako-se-znebiti-stresa-10-ucinkovitih-nasvetov	0	147	0	29.82
https://si.robotoys.eu/blog/lesene-3d-sestavljanke-kako-izbrati-svoj-prvi-komplet-za-sestavljanje-in-na-kaj-se-pripraviti	0	18	0	6
https://si.robotoys.eu/blog/rolife-lepota-pocasnega-zivljenja-in-diy-ustvarjalnost	0	6	0	4.17
https://si.robotoys.eu/blog/sestavljanje-ugank-najboljsa-dejavnost-za-upokojence	0	2	0	2.5
https://si.robotoys.eu/blog/stem-in-leseni-modeli	0	4	0	7
https://si.robotoys.eu/blog/the-story-of-the-famous-tower-bridge-how-to-bring-london-to-your-home	0	55	0	6.29
https://si.robotoys.eu/blog/zakaj-so-3d-leseni-modeli-popolno-darilo-za-vse-starosti	0	4	0	7.75
