topic_key	pillar	run_id	page_id	status	date	note
inspiration-brain-mechanical-puzzles	INSPIRATION	-	17	EXISTING	2023-09-18	Priveďte svoj mozog do pohybu s 3D drevenými mechanickými puzzle
inspiration-stress-relief-tips	INSPIRATION	-	18	EXISTING	2024-02-23	Ako sa zbaviť stresu: 10 účinných rád
inspiration-history-wooden-puzzles	INSPIRATION	-	19	EXISTING	2024-02-25	História 3D drevených skladačiek: Od začiatkov až po súčasnosť
guide-tools-for-building	GUIDE	-	20	EXISTING	2024-03-13	10 nástrojov, ktoré potrebujete pri skladaní dreveného 3D puzzle
inspiration-fine-motor-activities	INSPIRATION	-	21	EXISTING	2024-03-20	TOP 5 aktivít, ktoré podporujú rozvoj motorických schopností
gift-christmas-2024	GIFT	-	22	EXISTING	2024-04-01	Skvelé tipy na vianočné darčeky, ktoré potešia aj tých najnáročnejších
gift-for-her-2024	GIFT	-	23	EXISTING	2024-09-04	7 neodolateľných tipov na darčeky pre ženu
inspiration-home-decoration	INSPIRATION	-	24	EXISTING	2024-09-04	Ako vybrať najlepšiu dekoráciu do domácnosti: tipy a triky
inspiration-tower-bridge-story	INSPIRATION	-	25	EXISTING	2024-09-05	Príbeh slávneho Tower Bridge: Ako priniesť Londýn k vám domov
inspiration-puzzles-for-seniors	INSPIRATION	-	26	EXISTING	2024-09-05	Stavanie puzzle: Najlepšia aktivita pre dôchodcov?
guide-miniature-houses-before-building	GUIDE	-	27	EXISTING	2024-10-06	Čo potrebujete vedieť pred stavbou miniatúrnych domčekov
inspiration-stem-wooden-models	INSPIRATION	-	28	EXISTING	2024-10-06	STEM a drevené modely
gift-every-age-2024	GIFT	-	29	EXISTING	2024-10-06	Prečo sú 3D drevené modely perfektným darčekom pre každú vekovú kategóriu?
inspiration-fine-motor-concentration	INSPIRATION	-	30	EXISTING	2024-10-08	5 výhod kreatívnych stavebníc pre rozvoj jemnej motoriky a koncentrácie
inspiration-brand-rolife	INSPIRATION	-	31	EXISTING	2024-11-07	Rolife – Krása pomalého života a DIY kreativity
inspiration-brand-rokr	INSPIRATION	-	32	EXISTING	2024-11-07	ROKR – Váš vstup do sveta kreativity a zábavy
inspiration-brand-little-story	INSPIRATION	-	33	EXISTING	2024-11-07	Little Story: 3D Stavebnice, ktoré Spájajú Kreativitu, Zábavu a Kvalitu
gift-for-kids-2024	GIFT	-	34	EXISTING	2024-11-07	Ideálny Darček pre Deti, ktorý Rozvíja Kreativitu a Trpezlivosť
gift-valentine-for-her-book-nook-2025	GIFT	-	35	EXISTING	2025-02-12	Najlepší darček pre ňu? Magický kútik pre milovníčku kníh
gift-valentine-perfect-gift-2025	GIFT	-	36	EXISTING	2025-02-13	Našli sme dokonalý darček?
gift-valentine-top-five-2025	GIFT	-	37	EXISTING	2025-02-13	5 najlepších darčekov na Valentína, ktoré potešia každého
gift-valentine-for-him-history-2025	GIFT	-	38	EXISTING	2025-02-13	Najlepší darček preňho? Originálny s dotykom histórie
inspiration-world-of-tanks-models	INSPIRATION	-	39	EXISTING	2025-07-16	World of Tanks? Teraz aj na tvojej poličke
inspiration-wooden-flower-bouquet	INSPIRATION	-	40	EXISTING	2025-08-28	Drevená kytica, ktorá nikdy nezvädne: Objav čaro 3D puzzle kvetov
inspiration-slow-life-autumn	INSPIRATION	-	41	EXISTING	2025-10-09	Jeseň 2025 = sezóna slow life. Tu je dôkaz.
inspiration-dopamine-hobby-trend	INSPIRATION	-	42	EXISTING	2025-10-09	TikTok trend "dopamínové hobby" čo to znamená a prečo sú puzzle top voľba
gift-for-man-who-has-everything-2026	GIFT	-	43	EXISTING	2026-04-15	Darček pre muža, ktorý už všetko má: 24 originálnych tipov, ktoré ho naozaj prekvapia
guide-choosing-first-puzzle	GUIDE	-	44	EXISTING	2026-06-04	Drevené 3D puzzle: Ako vybrať svoju prvú stavebnicu a na čo sa pripraviť
guide-preparing-first-build	GUIDE	-	45	EXISTING	2026-06-04	Čo si pripraviť pred prvým skladaním dreveného 3D puzzle
guide-fixing-sticking-mechanism	GUIDE	2026-10-01-wed	46	WRITTEN	2026-10-01	Mechanizmus sa zasekáva: ako nájsť trenie a odstrániť ho
inspiration-halloween-shelf-scene	INSPIRATION	2026-10-05-mon	47	WRITTEN	2026-10-01	Halloween na poličke: ako vyzdobiť hotový miniatúrny domček
inspiration-book-nook-idea	INSPIRATION	2026-10-07-wed	48	WRITTEN	2026-10-01	Book nook: malý svet medzi knihami na tvojej poličke
guide-repairing-broken-part	GUIDE	2026-10-12-mon	49	WRITTEN	2026-10-01	Praskol drevený diel: ako ho opraviť a stavať ďalej
inspiration-cuckoo-clock-mechanism	INSPIRATION	2026-10-02-fri	50	WRITTEN	2026-10-02	Ako funguje kukučka v hodinách: mechanizmus krok za krokom
