keyword	country	method	seed	avg_monthly_searches	volume_low	volume_high	volume_precision	rank_volume	competition	competition_index	monthly_searches	fetched_on
3d puzzle	SK	HISTORICAL		1300	1300	1300	EXACT	1300	HIGH		2025-09=880;2025-10=1600;2025-11=3600;2025-12=4400;2026-01=1600;2026-02=1000;2026-03=720;2026-04=720;2026-05=590;2026-06=480;2026-07=390;2026-08=590	2026-10-01
dostavník	SK	HISTORICAL		50	50	50	EXACT	50	LOW		2025-09=40;2025-10=30;2025-11=40;2025-12=30;2026-01=50;2026-02=40;2026-03=110;2026-04=50;2026-05=50;2026-06=40;2026-07=70;2026-08=50	2026-10-01
kolotoč	SK	HISTORICAL		1900	1900	1900	EXACT	1900	LOW		2025-09=3600;2025-10=1900;2025-11=1600;2025-12=1600;2026-01=1600;2026-02=1300;2026-03=1600;2026-04=1900;2026-05=1900;2026-06=1900;2026-07=1900;2026-08=2400	2026-10-01
sagrada familia	SK	HISTORICAL		9900	9900	9900	EXACT	9900	HIGH		2025-09=9900;2025-10=8100;2025-11=9900;2025-12=8100;2026-01=8100;2026-02=9900;2026-03=9900;2026-04=8100;2026-05=8100;2026-06=22200;2026-07=8100;2026-08=6600	2026-10-01
eiffelova veža	SK	HISTORICAL		4400	4400	4400	EXACT	4400	MEDIUM		2025-09=5400;2025-10=5400;2025-11=5400;2025-12=4400;2026-01=5400;2026-02=4400;2026-03=5400;2026-04=4400;2026-05=5400;2026-06=4400;2026-07=2400;2026-08=2400	2026-10-01
šikmá veža v pise	SK	HISTORICAL		1300	1300	1300	EXACT	1300	HIGH		2025-09=1000;2025-10=1000;2025-11=720;2025-12=590;2026-01=1300;2026-02=1000;2026-03=1600;2026-04=1900;2026-05=1900;2026-06=1600;2026-07=1300;2026-08=1000	2026-10-01
notre dame	SK	HISTORICAL		3600	3600	3600	EXACT	3600	MEDIUM		2025-09=3600;2025-10=3600;2025-11=2900;2025-12=3600;2026-01=3600;2026-02=3600;2026-03=3600;2026-04=6600;2026-05=3600;2026-06=3600;2026-07=2400;2026-08=2900	2026-10-01
big ben	SK	HISTORICAL		2900	2900	2900	EXACT	2900	MEDIUM		2025-09=2900;2025-10=2900;2025-11=2900;2025-12=2400;2026-01=3600;2026-02=3600;2026-03=4400;2026-04=4400;2026-05=3600;2026-06=2400;2026-07=1900;2026-08=1900	2026-10-01
brandenburská brána	SK	HISTORICAL		480	480	480	EXACT	480	LOW		2025-09=390;2025-10=390;2025-11=390;2025-12=320;2026-01=480;2026-02=390;2026-03=480;2026-04=480;2026-05=480;2026-06=480;2026-07=390;2026-08=390	2026-10-01
pagoda	SK	HISTORICAL		880	880	880	EXACT	880	LOW		2025-09=880;2025-10=880;2025-11=880;2025-12=720;2026-01=880;2026-02=880;2026-03=880;2026-04=880;2026-05=1000;2026-06=1000;2026-07=880;2026-08=720	2026-10-01
gramofón	SK	HISTORICAL		1000	1000	1000	EXACT	1000	HIGH		2025-09=880;2025-10=880;2025-11=1600;2025-12=1900;2026-01=1000;2026-02=880;2026-03=880;2026-04=720;2026-05=720;2026-06=720;2026-07=590;2026-08=720	2026-10-01
hracia skrinka	SK	HISTORICAL		480	480	480	EXACT	480	HIGH		2025-09=320;2025-10=590;2025-11=880;2025-12=1000;2026-01=480;2026-02=320;2026-03=320;2026-04=260;2026-05=260;2026-06=210;2026-07=260;2026-08=260	2026-10-01
puzzle pre dospelých	SK	HISTORICAL		590	590	590	EXACT	590	HIGH		2025-09=260;2025-10=480;2025-11=1000;2025-12=1600;2026-01=1000;2026-02=720;2026-03=480;2026-04=390;2026-05=320;2026-06=260;2026-07=260;2026-08=390	2026-10-01
stavebnice pre dospelých	SK	HISTORICAL		260	260	260	EXACT	260	HIGH		2025-09=140;2025-10=260;2025-11=720;2025-12=720;2026-01=320;2026-02=170;2026-03=140;2026-04=110;2026-05=110;2026-06=110;2026-07=110;2026-08=170	2026-10-01
pinball	SK	HISTORICAL		480	480	480	EXACT	480	MEDIUM		2025-09=390;2025-10=590;2025-11=720;2025-12=880;2026-01=480;2026-02=390;2026-03=480;2026-04=480;2026-05=390;2026-06=390;2026-07=590;2026-08=480	2026-10-01
veterný mlyn	SK	HISTORICAL		1300	1300	1300	EXACT	1300	LOW		2025-09=1300;2025-10=1000;2025-11=720;2025-12=590;2026-01=720;2026-02=720;2026-03=1000;2026-04=1600;2026-05=1900;2026-06=1000;2026-07=1900;2026-08=1900	2026-10-01
parná lokomotíva	SK	HISTORICAL		260	260	260	EXACT	260	LOW		2025-09=210;2025-10=210;2025-11=260;2025-12=320;2026-01=320;2026-02=390;2026-03=320;2026-04=260;2026-05=260;2026-06=320;2026-07=210;2026-08=260	2026-10-01
dinosaurus parasaurolophus	SK	HISTORICAL		720	720	720	EXACT	720	LOW		2025-09=590;2025-10=590;2025-11=590;2025-12=590;2026-01=720;2026-02=720;2026-03=880;2026-04=1000;2026-05=720;2026-06=590;2026-07=590;2026-08=590	2026-10-01
3d puzzle pre dospelých	SK	HISTORICAL		90	90	90	EXACT	90	HIGH		2025-09=30;2025-10=110;2025-11=260;2025-12=390;2026-01=140;2026-02=90;2026-03=40;2026-04=30;2026-05=30;2026-06=40;2026-07=10;2026-08=30	2026-10-01
miniatúrny obchod	SK	HISTORICAL										2026-10-01
dyliżans	PL	HISTORICAL		4400	4400	4400	EXACT	4400	LOW		2025-09=3600;2025-10=4400;2025-11=4400;2025-12=5400;2026-01=5400;2026-02=4400;2026-03=4400;2026-04=4400;2026-05=4400;2026-06=3600;2026-07=3600;2026-08=2900	2026-10-01
mechaniczne pianino	PL	HISTORICAL		720	720	720	EXACT	720	LOW		2025-09=170;2025-10=170;2025-11=320;2025-12=390;2026-01=590;2026-02=590;2026-03=1600;2026-04=720;2026-05=1600;2026-06=1300;2026-07=720;2026-08=880	2026-10-01
gramofon	PL	HISTORICAL		60500	60500	60500	EXACT	60500	HIGH		2025-09=40500;2025-10=49500;2025-11=74000;2025-12=110000;2026-01=60500;2026-02=49500;2026-03=49500;2026-04=40500;2026-05=40500;2026-06=40500;2026-07=40500;2026-08=49500	2026-10-01
karuzela	PL	HISTORICAL		14800	14800	14800	EXACT	14800	LOW		2025-09=12100;2025-10=12100;2025-11=12100;2025-12=14800;2026-01=9900;2026-02=9900;2026-03=18100;2026-04=14800;2026-05=14800;2026-06=14800;2026-07=14800;2026-08=14800	2026-10-01
puzzle 3d dla dorosłych	PL	HISTORICAL		1600	1600	1600	EXACT	1600	HIGH		2025-09=720;2025-10=1000;2025-11=2900;2025-12=5400;2026-01=1900;2026-02=1300;2026-03=1300;2026-04=880;2026-05=720;2026-06=590;2026-07=590;2026-08=720	2026-10-01
sagrada familia	PL	HISTORICAL		74000	74000	74000	EXACT	74000	HIGH		2025-09=60500;2025-10=49500;2025-11=49500;2025-12=49500;2026-01=74000;2026-02=90500;2026-03=74000;2026-04=60500;2026-05=60500;2026-06=201000;2026-07=60500;2026-08=49500	2026-10-01
wieża eiffla	PL	HISTORICAL		74000	74000	74000	EXACT	74000	HIGH		2025-09=74000;2025-10=74000;2025-11=74000;2025-12=60500;2026-01=74000;2026-02=74000;2026-03=74000;2026-04=110000;2026-05=74000;2026-06=60500;2026-07=49500;2026-08=40500	2026-10-01
krzywa wieża w pizie	PL	HISTORICAL		14800	14800	14800	EXACT	14800	HIGH		2025-09=18100;2025-10=14800;2025-11=12100;2025-12=9900;2026-01=14800;2026-02=14800;2026-03=18100;2026-04=18100;2026-05=22200;2026-06=14800;2026-07=12100;2026-08=14800	2026-10-01
notre dame	PL	HISTORICAL		18100	18100	18100	EXACT	18100	HIGH		2025-09=18100;2025-10=18100;2025-11=27100;2025-12=14800;2026-01=18100;2026-02=18100;2026-03=18100;2026-04=22200;2026-05=22200;2026-06=14800;2026-07=14800;2026-08=14800	2026-10-01
pagoda	PL	HISTORICAL		6600	6600	6600	EXACT	6600	LOW		2025-09=6600;2025-10=6600;2025-11=5400;2025-12=8100;2026-01=5400;2026-02=6600;2026-03=5400;2026-04=6600;2026-05=6600;2026-06=8100;2026-07=8100;2026-08=6600	2026-10-01
domek miniaturowy	PL	HISTORICAL		50	50	50	EXACT	50	HIGH		2025-09=30;2025-10=50;2025-11=110;2025-12=110;2026-01=40;2026-02=50;2026-03=50;2026-04=50;2026-05=70;2026-06=40;2026-07=40;2026-08=50	2026-10-01
puzzle 3d	PL	HISTORICAL		14800	14800	14800	EXACT	14800	HIGH		2025-09=8100;2025-10=12100;2025-11=40500;2025-12=60500;2026-01=18100;2026-02=12100;2026-03=9900;2026-04=8100;2026-05=12100;2026-06=6600;2026-07=5400;2026-08=6600	2026-10-01
flipper	PL	HISTORICAL		9900	9900	9900	EXACT	9900	MEDIUM		2025-09=9900;2025-10=9900;2025-11=9900;2025-12=12100;2026-01=8100;2026-02=9900;2026-03=9900;2026-04=9900;2026-05=9900;2026-06=8100;2026-07=8100;2026-08=8100	2026-10-01
big ben	PL	HISTORICAL		27100	27100	27100	EXACT	27100	HIGH		2025-09=40500;2025-10=27100;2025-11=27100;2025-12=22200;2026-01=33100;2026-02=27100;2026-03=33100;2026-04=33100;2026-05=27100;2026-06=22200;2026-07=14800;2026-08=22200	2026-10-01
3d puzzle erwachsene	DE	HISTORICAL		1600	1600	1600	EXACT	1600	HIGH		2025-09=1300;2025-10=1000;2025-11=2400;2025-12=5400;2026-01=1900;2026-02=1600;2026-03=1300;2026-04=1000;2026-05=1000;2026-06=880;2026-07=720;2026-08=1000	2026-10-01
sagrada familia	DE	HISTORICAL		110000	110000	110000	EXACT	110000	HIGH		2025-09=74000;2025-10=110000;2025-11=74000;2025-12=90500;2026-01=60500;2026-02=90500;2026-03=90500;2026-04=90500;2026-05=90500;2026-06=301000;2026-07=90500;2026-08=90500	2026-10-01
schiefer turm von pisa	DE	HISTORICAL		27100	27100	27100	EXACT	27100	HIGH		2025-09=33100;2025-10=27100;2025-11=22200;2025-12=22200;2026-01=27100;2026-02=27100;2026-03=27100;2026-04=27100;2026-05=33100;2026-06=27100;2026-07=27100;2026-08=27100	2026-10-01
eiffelturm	DE	HISTORICAL		110000	110000	110000	EXACT	110000	HIGH		2025-09=110000;2025-10=135000;2025-11=110000;2025-12=135000;2026-01=135000;2026-02=110000;2026-03=135000;2026-04=110000;2026-05=135000;2026-06=90500;2026-07=110000;2026-08=90500	2026-10-01
notre dame	DE	HISTORICAL		60500	60500	60500	EXACT	60500	HIGH		2025-09=74000;2025-10=74000;2025-11=60500;2025-12=60500;2026-01=60500;2026-02=60500;2026-03=74000;2026-04=74000;2026-05=74000;2026-06=60500;2026-07=60500;2026-08=60500	2026-10-01
pagode	DE	HISTORICAL		12100	12100	12100	EXACT	12100	MEDIUM		2025-09=12100;2025-10=14800;2025-11=12100;2025-12=12100;2026-01=12100;2026-02=12100;2026-03=14800;2026-04=14800;2026-05=14800;2026-06=12100;2026-07=12100;2026-08=12100	2026-10-01
miniaturhaus bausatz	DE	HISTORICAL		880	880	880	EXACT	880	HIGH		2025-09=720;2025-10=880;2025-11=1300;2025-12=1600;2026-01=1300;2026-02=880;2026-03=720;2026-04=480;2026-05=480;2026-06=480;2026-07=480;2026-08=590	2026-10-01
karussell	DE	HISTORICAL		33100	33100	33100	EXACT	33100	LOW		2025-09=40500;2025-10=27100;2025-11=40500;2025-12=27100;2026-01=22200;2026-02=22200;2026-03=90500;2026-04=33100;2026-05=27100;2026-06=22200;2026-07=22200;2026-08=33100	2026-10-01
plattenspieler holz	DE	HISTORICAL		480	480	480	EXACT	480	HIGH		2025-09=390;2025-10=590;2025-11=720;2025-12=720;2026-01=480;2026-02=480;2026-03=390;2026-04=390;2026-05=320;2026-06=260;2026-07=320;2026-08=390	2026-10-01
flipper bausatz	DE	HISTORICAL		140	140	140	EXACT	140	HIGH		2025-09=110;2025-10=170;2025-11=260;2025-12=260;2026-01=140;2026-02=90;2026-03=90;2026-04=70;2026-05=70;2026-06=70;2026-07=90;2026-08=110	2026-10-01
3d puzzel volwassenen	NL	HISTORICAL		590	590	590	EXACT	590	HIGH		2025-09=480;2025-10=720;2025-11=1000;2025-12=1000;2026-01=720;2026-02=480;2026-03=480;2026-04=320;2026-05=320;2026-06=320;2026-07=320;2026-08=480	2026-10-01
miniatuur winkel	NL	HISTORICAL		260	260	260	EXACT	260	LOW		2025-09=390;2025-10=320;2025-11=390;2025-12=390;2026-01=260;2026-02=210;2026-03=260;2026-04=210;2026-05=260;2026-06=140;2026-07=260;2026-08=320	2026-10-01
sagrada familia	NL	HISTORICAL		40500	40500	40500	EXACT	40500	HIGH		2025-09=33100;2025-10=40500;2025-11=27100;2025-12=27100;2026-01=27100;2026-02=49500;2026-03=33100;2026-04=33100;2026-05=33100;2026-06=74000;2026-07=40500;2026-08=33100	2026-10-01
draaimolen	NL	HISTORICAL		6600	6600	6600	EXACT	6600	LOW		2025-09=14800;2025-10=3600;2025-11=4400;2025-12=5400;2026-01=3600;2026-02=3600;2026-03=8100;2026-04=5400;2026-05=5400;2026-06=5400;2026-07=8100;2026-08=12100	2026-10-01
scheve toren van pisa	NL	HISTORICAL		320	320	320	EXACT	320	HIGH		2025-09=320;2025-10=260;2025-11=260;2025-12=260;2026-01=320;2026-02=260;2026-03=320;2026-04=320;2026-05=320;2026-06=260;2026-07=390;2026-08=390	2026-10-01
eiffeltoren	NL	HISTORICAL		49500	49500	49500	EXACT	49500	HIGH		2025-09=60500;2025-10=60500;2025-11=49500;2025-12=49500;2026-01=49500;2026-02=40500;2026-03=49500;2026-04=49500;2026-05=49500;2026-06=49500;2026-07=49500;2026-08=40500	2026-10-01
miniatuurhuisje bouwen	NL	HISTORICAL										2026-10-01
puzzle 3d adulte	FR	HISTORICAL		1000	1000	1000	EXACT	1000	HIGH		2025-09=590;2025-10=1000;2025-11=2900;2025-12=4400;2026-01=1300;2026-02=880;2026-03=720;2026-04=590;2026-05=590;2026-06=390;2026-07=390;2026-08=590	2026-10-01
sagrada familia	FR	HISTORICAL		135000	135000	135000	EXACT	135000	HIGH		2025-09=110000;2025-10=90500;2025-11=74000;2025-12=110000;2026-01=110000;2026-02=135000;2026-03=135000;2026-04=165000;2026-05=135000;2026-06=301000;2026-07=165000;2026-08=135000	2026-10-01
tour de pise	FR	HISTORICAL		40500	40500	40500	EXACT	40500	HIGH		2025-09=49500;2025-10=40500;2025-11=40500;2025-12=40500;2026-01=40500;2026-02=40500;2026-03=40500;2026-04=40500;2026-05=40500;2026-06=33100;2026-07=33100;2026-08=40500	2026-10-01
tour eiffel	FR	HISTORICAL		1000000	1000000	1000000	EXACT	1000000	MEDIUM		2025-09=1000000;2025-10=1000000;2025-11=823000;2025-12=1220000;2026-01=823000;2026-02=823000;2026-03=823000;2026-04=1000000;2026-05=1000000;2026-06=823000;2026-07=1000000;2026-08=1000000	2026-10-01
maison miniature	FR	HISTORICAL		2400	2400	2400	EXACT	2400	HIGH		2025-09=2400;2025-10=3600;2025-11=4400;2025-12=4400;2026-01=2900;2026-02=2400;2026-03=1900;2026-04=1600;2026-05=1600;2026-06=1300;2026-07=1600;2026-08=1600	2026-10-01
manège	FR	HISTORICAL		40500	40500	40500	EXACT	40500	LOW		2025-09=18100;2025-10=18100;2025-11=18100;2025-12=18100;2026-01=12100;2026-02=14800;2026-03=22200;2026-04=60500;2026-05=18100;2026-06=27100;2026-07=22200;2026-08=165000	2026-10-01
diligence	FR	HISTORICAL		33100	33100	33100	EXACT	33100	LOW		2025-09=33100;2025-10=40500;2025-11=33100;2025-12=33100;2026-01=33100;2026-02=33100;2026-03=33100;2026-04=33100;2026-05=27100;2026-06=27100;2026-07=27100;2026-08=22200	2026-10-01
rompecabezas 3d adultos	ES	HISTORICAL		10	10	10	EXACT	10	HIGH		2025-09=10;2025-10=10;2025-11=10;2025-12=10;2026-01=10;2026-02=10;2026-03=0;2026-04=10;2026-05=10;2026-06=10;2026-07=10;2026-08=10	2026-10-01
sagrada familia	ES	HISTORICAL		550000	550000	550000	EXACT	550000	HIGH		2025-09=450000;2025-10=450000;2025-11=450000;2025-12=450000;2026-01=368000;2026-02=450000;2026-03=550000;2026-04=550000;2026-05=550000;2026-06=823000;2026-07=550000;2026-08=673000	2026-10-01
torre de pisa	ES	HISTORICAL		33100	33100	33100	EXACT	33100	HIGH		2025-09=33100;2025-10=40500;2025-11=33100;2025-12=27100;2026-01=49500;2026-02=33100;2026-03=33100;2026-04=33100;2026-05=33100;2026-06=27100;2026-07=22200;2026-08=22200	2026-10-01
tienda de miniaturas	ES	HISTORICAL		170	170	170	EXACT	170	HIGH		2025-09=170;2025-10=140;2025-11=170;2025-12=210;2026-01=210;2026-02=170;2026-03=170;2026-04=170;2026-05=110;2026-06=170;2026-07=110;2026-08=140	2026-10-01
casa en miniatura	ES	HISTORICAL		880	880	880	EXACT	880	HIGH		2025-09=720;2025-10=880;2025-11=1300;2025-12=1900;2026-01=1300;2026-02=720;2026-03=720;2026-04=720;2026-05=590;2026-06=590;2026-07=720;2026-08=720	2026-10-01
carrusel	ES	HISTORICAL		9900	9900	9900	EXACT	9900	LOW		2025-09=12100;2025-10=9900;2025-11=12100;2025-12=12100;2026-01=9900;2026-02=9900;2026-03=9900;2026-04=9900;2026-05=8100;2026-06=8100;2026-07=6600;2026-08=8100	2026-10-01
diligencia	ES	HISTORICAL		9900	9900	9900	EXACT	9900	LOW		2025-09=9900;2025-10=12100;2025-11=12100;2025-12=9900;2026-01=12100;2026-02=9900;2026-03=9900;2026-04=9900;2026-05=9900;2026-06=8100;2026-07=6600;2026-08=6600	2026-10-01
puzzle 3d adulti	IT	HISTORICAL		210	210	210	EXACT	210	HIGH		2025-09=140;2025-10=170;2025-11=390;2025-12=720;2026-01=260;2026-02=140;2026-03=170;2026-04=110;2026-05=110;2026-06=90;2026-07=110;2026-08=140	2026-10-01
sagrada familia	IT	HISTORICAL		110000	110000	110000	EXACT	110000	HIGH		2025-09=90500;2025-10=90500;2025-11=110000;2025-12=90500;2026-01=90500;2026-02=110000;2026-03=135000;2026-04=90500;2026-05=90500;2026-06=246000;2026-07=90500;2026-08=90500	2026-10-01
torre di pisa	IT	HISTORICAL		110000	110000	110000	EXACT	110000	MEDIUM		2025-09=135000;2025-10=110000;2025-11=90500;2025-12=90500;2026-01=90500;2026-02=90500;2026-03=90500;2026-04=135000;2026-05=110000;2026-06=110000;2026-07=110000;2026-08=135000	2026-10-01
casette in miniatura	IT	HISTORICAL		320	320	320	EXACT	320	HIGH		2025-09=320;2025-10=390;2025-11=480;2025-12=590;2026-01=480;2026-02=390;2026-03=260;2026-04=210;2026-05=260;2026-06=210;2026-07=210;2026-08=260	2026-10-01
giostra	IT	HISTORICAL		5400	5400	5400	EXACT	5400	LOW		2025-09=5400;2025-10=6600;2025-11=4400;2025-12=4400;2026-01=4400;2026-02=5400;2026-03=9900;2026-04=5400;2026-05=5400;2026-06=6600;2026-07=4400;2026-08=5400	2026-10-01
diligenza	IT	HISTORICAL		2900	2900	2900	EXACT	2900	LOW		2025-09=3600;2025-10=3600;2025-11=3600;2025-12=2900;2026-01=3600;2026-02=3600;2026-03=2900;2026-04=2900;2026-05=2900;2026-06=2400;2026-07=2400;2026-08=1900	2026-10-01
notre dame	IT	HISTORICAL		60500	60500	60500	EXACT	60500	HIGH		2025-09=74000;2025-10=74000;2025-11=74000;2025-12=74000;2026-01=74000;2026-02=74000;2026-03=74000;2026-04=60500;2026-05=60500;2026-06=40500;2026-07=40500;2026-08=49500	2026-10-01
