keyword	method	seed	avg_monthly_searches	volume_low	volume_high	volume_precision	rank_volume	competition	competition_index	monthly_searches	fetched_on
drevené 3d puzzle	IDEAS	drevené 3d puzzle,mechanické puzzle,book nook,miniatúrny domček,lepidlo na drevené puzzle,stavebnica pre dospelých,hracia skrinka,parná lokomotíva model,halloween dekorácia,darček pre starých rodičov	140	140	140	EXACT	140	HIGH	100	2025-09=90;2025-10=140;2025-11=320;2025-12=390;2026-01=110;2026-02=90;2026-03=70;2026-04=70;2026-05=70;2026-06=70;2026-07=70;2026-08=70	2026-10-01
mechanické puzzle	IDEAS	drevené 3d puzzle,mechanické puzzle,book nook,miniatúrny domček,lepidlo na drevené puzzle,stavebnica pre dospelých,hracia skrinka,parná lokomotíva model,halloween dekorácia,darček pre starých rodičov	10	10	10	EXACT	10	HIGH	100	2025-09=10;2025-10=10;2025-11=30;2025-12=30;2026-01=10;2026-02=10;2026-03=10;2026-04=10;2026-05=10;2026-06=10;2026-07=10;2026-08=10	2026-10-01
book nook	IDEAS	drevené 3d puzzle,mechanické puzzle,book nook,miniatúrny domček,lepidlo na drevené puzzle,stavebnica pre dospelých,hracia skrinka,parná lokomotíva model,halloween dekorácia,darček pre starých rodičov	720	720	720	EXACT	720	HIGH	100	2025-09=480;2025-10=720;2025-11=1300;2025-12=1900;2026-01=1000;2026-02=480;2026-03=390;2026-04=390;2026-05=390;2026-06=390;2026-07=590;2026-08=590	2026-10-01
stavebnica pre dospelých	IDEAS	drevené 3d puzzle,mechanické puzzle,book nook,miniatúrny domček,lepidlo na drevené puzzle,stavebnica pre dospelých,hracia skrinka,parná lokomotíva model,halloween dekorácia,darček pre starých rodičov	260	260	260	EXACT	260	HIGH	100	2025-09=140;2025-10=260;2025-11=720;2025-12=720;2026-01=320;2026-02=170;2026-03=140;2026-04=110;2026-05=110;2026-06=110;2026-07=110;2026-08=170	2026-10-01
hracia skrinka	IDEAS	drevené 3d puzzle,mechanické puzzle,book nook,miniatúrny domček,lepidlo na drevené puzzle,stavebnica pre dospelých,hracia skrinka,parná lokomotíva model,halloween dekorácia,darček pre starých rodičov	480	480	480	EXACT	480	HIGH	100	2025-09=320;2025-10=590;2025-11=880;2025-12=1000;2026-01=480;2026-02=320;2026-03=320;2026-04=260;2026-05=260;2026-06=210;2026-07=260;2026-08=260	2026-10-01
halloween dekorácia	IDEAS	drevené 3d puzzle,mechanické puzzle,book nook,miniatúrny domček,lepidlo na drevené puzzle,stavebnica pre dospelých,hracia skrinka,parná lokomotíva model,halloween dekorácia,darček pre starých rodičov	10	10	10	EXACT	10	HIGH	100	2025-09=10;2025-10=30;2025-11=10;2025-12=0;2026-01=0;2026-02=10;2026-03=10;2026-04=0;2026-05=0;2026-06=0;2026-07=10;2026-08=10	2026-10-01
darček pre starých rodičov	IDEAS	drevené 3d puzzle,mechanické puzzle,book nook,miniatúrny domček,lepidlo na drevené puzzle,stavebnica pre dospelých,hracia skrinka,parná lokomotíva model,halloween dekorácia,darček pre starých rodičov	590	590	590	EXACT	590	HIGH	96	2025-09=260;2025-10=1300;2025-11=1300;2025-12=2900;2026-01=110;2026-02=90;2026-03=90;2026-04=40;2026-05=40;2026-06=20;2026-07=40;2026-08=30	2026-10-01
hracia skrinka s baletkou	IDEAS	drevené 3d puzzle,mechanické puzzle,book nook,miniatúrny domček,lepidlo na drevené puzzle,stavebnica pre dospelých,hracia skrinka,parná lokomotíva model,halloween dekorácia,darček pre starých rodičov	210	210	210	EXACT	210	HIGH	100	2025-09=170;2025-10=260;2025-11=480;2025-12=480;2026-01=170;2026-02=140;2026-03=110;2026-04=90;2026-05=140;2026-06=70;2026-07=90;2026-08=90	2026-10-01
robotime sakura	IDEAS	drevené 3d puzzle,mechanické puzzle,book nook,miniatúrny domček,lepidlo na drevené puzzle,stavebnica pre dospelých,hracia skrinka,parná lokomotíva model,halloween dekorácia,darček pre starých rodičov	10	10	10	EXACT	10	HIGH	100	2025-09=10;2025-10=10;2025-11=10;2025-12=10;2026-01=10;2026-02=10;2026-03=10;2026-04=10;2026-05=0;2026-06=10;2026-07=10;2026-08=10	2026-10-01
3d drevene puzzle	IDEAS	drevené 3d puzzle,mechanické puzzle,book nook,miniatúrny domček,lepidlo na drevené puzzle,stavebnica pre dospelých,hracia skrinka,parná lokomotíva model,halloween dekorácia,darček pre starých rodičov	90	90	90	EXACT	90	HIGH	100	2025-09=70;2025-10=90;2025-11=210;2025-12=320;2026-01=70;2026-02=70;2026-03=110;2026-04=50;2026-05=30;2026-06=40;2026-07=30;2026-08=50	2026-10-01
hracia skrinka pre deti	IDEAS	drevené 3d puzzle,mechanické puzzle,book nook,miniatúrny domček,lepidlo na drevené puzzle,stavebnica pre dospelých,hracia skrinka,parná lokomotíva model,halloween dekorácia,darček pre starých rodičov	50	50	50	EXACT	50	HIGH	100	2025-09=50;2025-10=50;2025-11=110;2025-12=110;2026-01=50;2026-02=30;2026-03=40;2026-04=30;2026-05=30;2026-06=20;2026-07=20;2026-08=40	2026-10-01
booknook harry potter	IDEAS	drevené 3d puzzle,mechanické puzzle,book nook,miniatúrny domček,lepidlo na drevené puzzle,stavebnica pre dospelých,hracia skrinka,parná lokomotíva model,halloween dekorácia,darček pre starých rodičov	70	70	70	EXACT	70	HIGH	100	2025-09=30;2025-10=70;2025-11=140;2025-12=170;2026-01=110;2026-02=40;2026-03=50;2026-04=30;2026-05=20;2026-06=30;2026-07=40;2026-08=40	2026-10-01
3d puzzle drevene	IDEAS	drevené 3d puzzle,mechanické puzzle,book nook,miniatúrny domček,lepidlo na drevené puzzle,stavebnica pre dospelých,hracia skrinka,parná lokomotíva model,halloween dekorácia,darček pre starých rodičov	70	70	70	EXACT	70	HIGH	100	2025-09=40;2025-10=70;2025-11=110;2025-12=140;2026-01=70;2026-02=50;2026-03=30;2026-04=50;2026-05=40;2026-06=40;2026-07=50;2026-08=50	2026-10-01
djeco hracia skrinka	IDEAS	drevené 3d puzzle,mechanické puzzle,book nook,miniatúrny domček,lepidlo na drevené puzzle,stavebnica pre dospelých,hracia skrinka,parná lokomotíva model,halloween dekorácia,darček pre starých rodičov	20	20	20	EXACT	20	HIGH	100	2025-09=10;2025-10=20;2025-11=50;2025-12=30;2026-01=10;2026-02=10;2026-03=10;2026-04=10;2026-05=10;2026-06=10;2026-07=10;2026-08=10	2026-10-01
drevene puzzle 3d	IDEAS	drevené 3d puzzle,mechanické puzzle,book nook,miniatúrny domček,lepidlo na drevené puzzle,stavebnica pre dospelých,hracia skrinka,parná lokomotíva model,halloween dekorácia,darček pre starých rodičov	90	90	90	EXACT	90	HIGH	100	2025-09=30;2025-10=70;2025-11=260;2025-12=320;2026-01=140;2026-02=70;2026-03=90;2026-04=30;2026-05=40;2026-06=10;2026-07=40;2026-08=30	2026-10-01
3d drevene mechanicke puzzle	IDEAS	drevené 3d puzzle,mechanické puzzle,book nook,miniatúrny domček,lepidlo na drevené puzzle,stavebnica pre dospelých,hracia skrinka,parná lokomotíva model,halloween dekorácia,darček pre starých rodičov	20	20	20	EXACT	20	HIGH	75	2025-09=10;2025-10=20;2025-11=50;2025-12=70;2026-01=20;2026-02=10;2026-03=10;2026-04=10;2026-05=20;2026-06=10;2026-07=10;2026-08=20	2026-10-01
hracia skrinka baletka	IDEAS	drevené 3d puzzle,mechanické puzzle,book nook,miniatúrny domček,lepidlo na drevené puzzle,stavebnica pre dospelých,hracia skrinka,parná lokomotíva model,halloween dekorácia,darček pre starých rodičov	30	30	30	EXACT	30	HIGH	100	2025-09=20;2025-10=30;2025-11=90;2025-12=90;2026-01=20;2026-02=20;2026-03=30;2026-04=10;2026-05=10;2026-06=10;2026-07=30;2026-08=20	2026-10-01
3d drevene stavebnice	IDEAS	drevené 3d puzzle,mechanické puzzle,book nook,miniatúrny domček,lepidlo na drevené puzzle,stavebnica pre dospelých,hracia skrinka,parná lokomotíva model,halloween dekorácia,darček pre starých rodičov	20	20	20	EXACT	20	HIGH	100	2025-09=10;2025-10=10;2025-11=30;2025-12=70;2026-01=30;2026-02=10;2026-03=10;2026-04=10;2026-05=10;2026-06=10;2026-07=10;2026-08=20	2026-10-01
robotime magic house	IDEAS	drevené 3d puzzle,mechanické puzzle,book nook,miniatúrny domček,lepidlo na drevené puzzle,stavebnica pre dospelých,hracia skrinka,parná lokomotíva model,halloween dekorácia,darček pre starých rodičov	10	10	10	EXACT	10	UNSPECIFIED		2025-09=0;2025-10=10;2025-11=0;2025-12=0;2026-01=0;2026-02=0;2026-03=0;2026-04=0;2026-05=0;2026-06=0;2026-07=0;2026-08=0	2026-10-01
hracia skrinka pre dievcata	IDEAS	drevené 3d puzzle,mechanické puzzle,book nook,miniatúrny domček,lepidlo na drevené puzzle,stavebnica pre dospelých,hracia skrinka,parná lokomotíva model,halloween dekorácia,darček pre starých rodičov	20	20	20	EXACT	20	HIGH	100	2025-09=10;2025-10=50;2025-11=70;2025-12=50;2026-01=10;2026-02=10;2026-03=10;2026-04=20;2026-05=10;2026-06=10;2026-07=10;2026-08=10	2026-10-01
vianočný darček pre starých rodičov	IDEAS	drevené 3d puzzle,mechanické puzzle,book nook,miniatúrny domček,lepidlo na drevené puzzle,stavebnica pre dospelých,hracia skrinka,parná lokomotíva model,halloween dekorácia,darček pre starých rodičov	50	50	50	EXACT	50	LOW	0	2025-09=10;2025-10=50;2025-11=210;2025-12=320;2026-01=10;2026-02=10;2026-03=10;2026-04=0;2026-05=0;2026-06=0;2026-07=10;2026-08=10	2026-10-01
hracia skrinka djeco	IDEAS	drevené 3d puzzle,mechanické puzzle,book nook,miniatúrny domček,lepidlo na drevené puzzle,stavebnica pre dospelých,hracia skrinka,parná lokomotíva model,halloween dekorácia,darček pre starých rodičov	10	10	10	EXACT	10	HIGH	100	2025-09=10;2025-10=10;2025-11=20;2025-12=20;2026-01=10;2026-02=10;2026-03=10;2026-04=10;2026-05=10;2026-06=10;2026-07=10;2026-08=10	2026-10-01
darcek pre starych rodicov	IDEAS	drevené 3d puzzle,mechanické puzzle,book nook,miniatúrny domček,lepidlo na drevené puzzle,stavebnica pre dospelých,hracia skrinka,parná lokomotíva model,halloween dekorácia,darček pre starých rodičov	110	110	110	EXACT	110	HIGH	100	2025-09=110;2025-10=320;2025-11=320;2025-12=590;2026-01=20;2026-02=10;2026-03=10;2026-04=10;2026-05=10;2026-06=10;2026-07=20;2026-08=20	2026-10-01
šperkovnica hracia skrinka	IDEAS	drevené 3d puzzle,mechanické puzzle,book nook,miniatúrny domček,lepidlo na drevené puzzle,stavebnica pre dospelých,hracia skrinka,parná lokomotíva model,halloween dekorácia,darček pre starých rodičov	30	30	30	EXACT	30	HIGH	100	2025-09=10;2025-10=30;2025-11=70;2025-12=70;2026-01=20;2026-02=20;2026-03=20;2026-04=20;2026-05=10;2026-06=10;2026-07=10;2026-08=20	2026-10-01
3d puzzle pre deti	IDEAS	drevené 3d puzzle,mechanické puzzle,book nook,miniatúrny domček,lepidlo na drevené puzzle,stavebnica pre dospelých,hracia skrinka,parná lokomotíva model,halloween dekorácia,darček pre starých rodičov	110	110	110	EXACT	110	HIGH	100	2025-09=40;2025-10=110;2025-11=260;2025-12=480;2026-01=110;2026-02=70;2026-03=90;2026-04=50;2026-05=40;2026-06=70;2026-07=50;2026-08=70	2026-10-01
drevene 3d stavebnice	IDEAS	drevené 3d puzzle,mechanické puzzle,book nook,miniatúrny domček,lepidlo na drevené puzzle,stavebnica pre dospelých,hracia skrinka,parná lokomotíva model,halloween dekorácia,darček pre starých rodičov	10	10	10	EXACT	10	HIGH	100	2025-09=0;2025-10=10;2025-11=10;2025-12=10;2026-01=10;2026-02=0;2026-03=0;2026-04=10;2026-05=10;2026-06=10;2026-07=10;2026-08=10	2026-10-01
tip na darček pre starých rodičov	IDEAS	drevené 3d puzzle,mechanické puzzle,book nook,miniatúrny domček,lepidlo na drevené puzzle,stavebnica pre dospelých,hracia skrinka,parná lokomotíva model,halloween dekorácia,darček pre starých rodičov	50	50	50	EXACT	50	HIGH	100	2025-09=40;2025-10=70;2025-11=110;2025-12=170;2026-01=40;2026-02=20;2026-03=20;2026-04=20;2026-05=10;2026-06=20;2026-07=10;2026-08=10	2026-10-01
darceky pre starych rodicov	IDEAS	drevené 3d puzzle,mechanické puzzle,book nook,miniatúrny domček,lepidlo na drevené puzzle,stavebnica pre dospelých,hracia skrinka,parná lokomotíva model,halloween dekorácia,darček pre starých rodičov	110	110	110	EXACT	110	HIGH	100	2025-09=110;2025-10=320;2025-11=320;2025-12=590;2026-01=20;2026-02=10;2026-03=10;2026-04=10;2026-05=10;2026-06=10;2026-07=20;2026-08=20	2026-10-01
drevena hracia skrinka	IDEAS	drevené 3d puzzle,mechanické puzzle,book nook,miniatúrny domček,lepidlo na drevené puzzle,stavebnica pre dospelých,hracia skrinka,parná lokomotíva model,halloween dekorácia,darček pre starých rodičov	30	30	30	EXACT	30	HIGH	100	2025-09=40;2025-10=30;2025-11=50;2025-12=70;2026-01=20;2026-02=20;2026-03=30;2026-04=20;2026-05=10;2026-06=10;2026-07=10;2026-08=30	2026-10-01
hracia skrinka s balerinou	IDEAS	drevené 3d puzzle,mechanické puzzle,book nook,miniatúrny domček,lepidlo na drevené puzzle,stavebnica pre dospelých,hracia skrinka,parná lokomotíva model,halloween dekorácia,darček pre starých rodičov	10	10	10	EXACT	10	HIGH	100	2025-09=10;2025-10=30;2025-11=40;2025-12=30;2026-01=10;2026-02=10;2026-03=10;2026-04=10;2026-05=10;2026-06=10;2026-07=10;2026-08=10	2026-10-01
darcek pre rodicov vianoce	IDEAS	drevené 3d puzzle,mechanické puzzle,book nook,miniatúrny domček,lepidlo na drevené puzzle,stavebnica pre dospelých,hracia skrinka,parná lokomotíva model,halloween dekorácia,darček pre starých rodičov	20	20	20	EXACT	20	UNSPECIFIED		2025-09=10;2025-10=10;2025-11=90;2025-12=90;2026-01=10;2026-02=10;2026-03=0;2026-04=0;2026-05=0;2026-06=0;2026-07=10;2026-08=0	2026-10-01
3d mechanicke puzzle	IDEAS	drevené 3d puzzle,mechanické puzzle,book nook,miniatúrny domček,lepidlo na drevené puzzle,stavebnica pre dospelých,hracia skrinka,parná lokomotíva model,halloween dekorácia,darček pre starých rodičov	10	10	10	EXACT	10	UNSPECIFIED		2025-09=10;2025-10=10;2025-11=10;2025-12=30;2026-01=10;2026-02=10;2026-03=10;2026-04=10;2026-05=10;2026-06=10;2026-07=10;2026-08=0	2026-10-01
3d puzzle drevene kaufland	IDEAS	drevené 3d puzzle,mechanické puzzle,book nook,miniatúrny domček,lepidlo na drevené puzzle,stavebnica pre dospelých,hracia skrinka,parná lokomotíva model,halloween dekorácia,darček pre starých rodičov	10	10	10	EXACT	10	UNSPECIFIED		2025-09=0;2025-10=0;2025-11=10;2025-12=10;2026-01=0;2026-02=0;2026-03=0;2026-04=10;2026-05=0;2026-06=0;2026-07=0;2026-08=0	2026-10-01
3d puzzle lietadlo	IDEAS	drevené 3d puzzle,mechanické puzzle,book nook,miniatúrny domček,lepidlo na drevené puzzle,stavebnica pre dospelých,hracia skrinka,parná lokomotíva model,halloween dekorácia,darček pre starých rodičov	10	10	10	EXACT	10	HIGH	100	2025-09=10;2025-10=10;2025-11=20;2025-12=30;2026-01=10;2026-02=10;2026-03=10;2026-04=10;2026-05=0;2026-06=10;2026-07=10;2026-08=10	2026-10-01
3d puzzle zvierata	IDEAS	drevené 3d puzzle,mechanické puzzle,book nook,miniatúrny domček,lepidlo na drevené puzzle,stavebnica pre dospelých,hracia skrinka,parná lokomotíva model,halloween dekorácia,darček pre starých rodičov	10	10	10	EXACT	10	LOW	14	2025-09=10;2025-10=20;2025-11=30;2025-12=40;2026-01=10;2026-02=10;2026-03=10;2026-04=10;2026-05=10;2026-06=10;2026-07=10;2026-08=10	2026-10-01
biela tekvica dekoracia	IDEAS	drevené 3d puzzle,mechanické puzzle,book nook,miniatúrny domček,lepidlo na drevené puzzle,stavebnica pre dospelých,hracia skrinka,parná lokomotíva model,halloween dekorácia,darček pre starých rodičov	20	20	20	EXACT	20	HIGH	86	2025-09=50;2025-10=40;2025-11=10;2025-12=10;2026-01=10;2026-02=10;2026-03=10;2026-04=10;2026-05=0;2026-06=10;2026-07=20;2026-08=50	2026-10-01
booknook acotar	IDEAS	drevené 3d puzzle,mechanické puzzle,book nook,miniatúrny domček,lepidlo na drevené puzzle,stavebnica pre dospelých,hracia skrinka,parná lokomotíva model,halloween dekorácia,darček pre starých rodičov	10	10	10	EXACT	10	HIGH	100	2025-09=10;2025-10=10;2025-11=0;2025-12=10;2026-01=10;2026-02=10;2026-03=10;2026-04=10;2026-05=10;2026-06=0;2026-07=10;2026-08=10	2026-10-01
darcek pod stromcek pre rodicov	IDEAS	drevené 3d puzzle,mechanické puzzle,book nook,miniatúrny domček,lepidlo na drevené puzzle,stavebnica pre dospelých,hracia skrinka,parná lokomotíva model,halloween dekorácia,darček pre starých rodičov	10	10	10	EXACT	10	UNSPECIFIED		2025-09=10;2025-10=10;2025-11=30;2025-12=70;2026-01=10;2026-02=0;2026-03=0;2026-04=0;2026-05=0;2026-06=0;2026-07=0;2026-08=0	2026-10-01
darcek pre starkych	IDEAS	drevené 3d puzzle,mechanické puzzle,book nook,miniatúrny domček,lepidlo na drevené puzzle,stavebnica pre dospelých,hracia skrinka,parná lokomotíva model,halloween dekorácia,darček pre starých rodičov	20	20	20	EXACT	20	HIGH	100	2025-09=50;2025-10=140;2025-11=40;2025-12=40;2026-01=10;2026-02=0;2026-03=10;2026-04=10;2026-05=10;2026-06=0;2026-07=10;2026-08=10	2026-10-01
darcek starym rodicom	IDEAS	drevené 3d puzzle,mechanické puzzle,book nook,miniatúrny domček,lepidlo na drevené puzzle,stavebnica pre dospelých,hracia skrinka,parná lokomotíva model,halloween dekorácia,darček pre starých rodičov	30	30	30	EXACT	30	HIGH	100	2025-09=50;2025-10=110;2025-11=70;2025-12=110;2026-01=10;2026-02=10;2026-03=10;2026-04=10;2026-05=10;2026-06=10;2026-07=10;2026-08=10	2026-10-01
darceky na vianoce pre starych rodicov	IDEAS	drevené 3d puzzle,mechanické puzzle,book nook,miniatúrny domček,lepidlo na drevené puzzle,stavebnica pre dospelých,hracia skrinka,parná lokomotíva model,halloween dekorácia,darček pre starých rodičov	10	10	10	EXACT	10	HIGH	100	2025-09=0;2025-10=10;2025-11=70;2025-12=70;2026-01=0;2026-02=0;2026-03=0;2026-04=0;2026-05=0;2026-06=10;2026-07=0;2026-08=10	2026-10-01
darček na vianoce pre starých rodičov	IDEAS	drevené 3d puzzle,mechanické puzzle,book nook,miniatúrny domček,lepidlo na drevené puzzle,stavebnica pre dospelých,hracia skrinka,parná lokomotíva model,halloween dekorácia,darček pre starých rodičov	20	20	20	EXACT	20	LOW	0	2025-09=10;2025-10=20;2025-11=90;2025-12=90;2026-01=10;2026-02=10;2026-03=0;2026-04=10;2026-05=0;2026-06=10;2026-07=0;2026-08=10	2026-10-01
darček pre starkých	IDEAS	drevené 3d puzzle,mechanické puzzle,book nook,miniatúrny domček,lepidlo na drevené puzzle,stavebnica pre dospelých,hracia skrinka,parná lokomotíva model,halloween dekorácia,darček pre starých rodičov	90	90	90	EXACT	90	HIGH	100	2025-09=90;2025-10=260;2025-11=260;2025-12=320;2026-01=30;2026-02=30;2026-03=70;2026-04=40;2026-05=40;2026-06=30;2026-07=40;2026-08=10	2026-10-01
darček pre starých rodičov na vianoce	IDEAS	drevené 3d puzzle,mechanické puzzle,book nook,miniatúrny domček,lepidlo na drevené puzzle,stavebnica pre dospelých,hracia skrinka,parná lokomotíva model,halloween dekorácia,darček pre starých rodičov	50	50	50	EXACT	50	HIGH	67	2025-09=10;2025-10=20;2025-11=140;2025-12=390;2026-01=10;2026-02=0;2026-03=10;2026-04=10;2026-05=0;2026-06=10;2026-07=10;2026-08=10	2026-10-01
darček pre starých rodičov pinterest	IDEAS	drevené 3d puzzle,mechanické puzzle,book nook,miniatúrny domček,lepidlo na drevené puzzle,stavebnica pre dospelých,hracia skrinka,parná lokomotíva model,halloween dekorácia,darček pre starých rodičov	70	70	70	EXACT	70	HIGH	100	2025-09=90;2025-10=390;2025-11=140;2025-12=140;2026-01=20;2026-02=20;2026-03=10;2026-04=10;2026-05=10;2026-06=10;2026-07=20;2026-08=20	2026-10-01
darček starým rodičom	IDEAS	drevené 3d puzzle,mechanické puzzle,book nook,miniatúrny domček,lepidlo na drevené puzzle,stavebnica pre dospelých,hracia skrinka,parná lokomotíva model,halloween dekorácia,darček pre starých rodičov	30	30	30	EXACT	30	HIGH	100	2025-09=50;2025-10=110;2025-11=70;2025-12=110;2026-01=10;2026-02=10;2026-03=10;2026-04=10;2026-05=10;2026-06=10;2026-07=10;2026-08=10	2026-10-01
darčeky pre starých rodičov na vianoce	IDEAS	drevené 3d puzzle,mechanické puzzle,book nook,miniatúrny domček,lepidlo na drevené puzzle,stavebnica pre dospelých,hracia skrinka,parná lokomotíva model,halloween dekorácia,darček pre starých rodičov	50	50	50	EXACT	50	HIGH	67	2025-09=10;2025-10=20;2025-11=140;2025-12=390;2026-01=10;2026-02=0;2026-03=10;2026-04=10;2026-05=0;2026-06=10;2026-07=10;2026-08=10	2026-10-01
darčeky pre starých rodičov od detí	IDEAS	drevené 3d puzzle,mechanické puzzle,book nook,miniatúrny domček,lepidlo na drevené puzzle,stavebnica pre dospelých,hracia skrinka,parná lokomotíva model,halloween dekorácia,darček pre starých rodičov	70	70	70	EXACT	70	HIGH	98	2025-09=90;2025-10=210;2025-11=110;2025-12=170;2026-01=30;2026-02=10;2026-03=10;2026-04=20;2026-05=10;2026-06=10;2026-07=10;2026-08=20	2026-10-01
dekoracia na halloween	IDEAS	drevené 3d puzzle,mechanické puzzle,book nook,miniatúrny domček,lepidlo na drevené puzzle,stavebnica pre dospelých,hracia skrinka,parná lokomotíva model,halloween dekorácia,darček pre starých rodičov	40	40	40	EXACT	40	HIGH	100	2025-09=110;2025-10=260;2025-11=20;2025-12=0;2026-01=10;2026-02=10;2026-03=10;2026-04=0;2026-05=10;2026-06=10;2026-07=20;2026-08=50	2026-10-01
dekoracie tekvice	IDEAS	drevené 3d puzzle,mechanické puzzle,book nook,miniatúrny domček,lepidlo na drevené puzzle,stavebnica pre dospelých,hracia skrinka,parná lokomotíva model,halloween dekorácia,darček pre starých rodičov	70	70	70	EXACT	70	HIGH	100	2025-09=320;2025-10=320;2025-11=10;2025-12=10;2026-01=10;2026-02=10;2026-03=10;2026-04=10;2026-05=20;2026-06=10;2026-07=30;2026-08=140	2026-10-01
dekoracie z tekvic	IDEAS	drevené 3d puzzle,mechanické puzzle,book nook,miniatúrny domček,lepidlo na drevené puzzle,stavebnica pre dospelých,hracia skrinka,parná lokomotíva model,halloween dekorácia,darček pre starých rodičov	10	10	10	EXACT	10	UNSPECIFIED		2025-09=50;2025-10=20;2025-11=0;2025-12=0;2026-01=0;2026-02=0;2026-03=0;2026-04=10;2026-05=0;2026-06=0;2026-07=0;2026-08=0	2026-10-01
dekoračná tekvica	IDEAS	drevené 3d puzzle,mechanické puzzle,book nook,miniatúrny domček,lepidlo na drevené puzzle,stavebnica pre dospelých,hracia skrinka,parná lokomotíva model,halloween dekorácia,darček pre starých rodičov	10	10	10	EXACT	10	HIGH	100	2025-09=40;2025-10=20;2025-11=10;2025-12=10;2026-01=0;2026-02=0;2026-03=0;2026-04=0;2026-05=10;2026-06=0;2026-07=0;2026-08=10	2026-10-01
detska hracia skrinka	IDEAS	drevené 3d puzzle,mechanické puzzle,book nook,miniatúrny domček,lepidlo na drevené puzzle,stavebnica pre dospelých,hracia skrinka,parná lokomotíva model,halloween dekorácia,darček pre starých rodičov	10	10	10	EXACT	10	HIGH	100	2025-09=10;2025-10=10;2025-11=40;2025-12=30;2026-01=10;2026-02=10;2026-03=10;2026-04=10;2026-05=10;2026-06=10;2026-07=10;2026-08=20	2026-10-01
dracik hracia skrinka	IDEAS	drevené 3d puzzle,mechanické puzzle,book nook,miniatúrny domček,lepidlo na drevené puzzle,stavebnica pre dospelých,hracia skrinka,parná lokomotíva model,halloween dekorácia,darček pre starých rodičov	10	10	10	EXACT	10	HIGH	100	2025-09=10;2025-10=10;2025-11=10;2025-12=10;2026-01=10;2026-02=0;2026-03=10;2026-04=10;2026-05=10;2026-06=10;2026-07=10;2026-08=10	2026-10-01
drevene 3d modely	IDEAS	drevené 3d puzzle,mechanické puzzle,book nook,miniatúrny domček,lepidlo na drevené puzzle,stavebnica pre dospelých,hracia skrinka,parná lokomotíva model,halloween dekorácia,darček pre starých rodičov	10	10	10	EXACT	10	HIGH	100	2025-09=10;2025-10=10;2025-11=10;2025-12=30;2026-01=10;2026-02=10;2026-03=10;2026-04=10;2026-05=10;2026-06=10;2026-07=10;2026-08=10	2026-10-01
drevene hracie skrinky	IDEAS	drevené 3d puzzle,mechanické puzzle,book nook,miniatúrny domček,lepidlo na drevené puzzle,stavebnica pre dospelých,hracia skrinka,parná lokomotíva model,halloween dekorácia,darček pre starých rodičov	10	10	10	EXACT	10	UNSPECIFIED		2025-09=10;2025-10=10;2025-11=10;2025-12=10;2026-01=10;2026-02=0;2026-03=10;2026-04=10;2026-05=10;2026-06=0;2026-07=0;2026-08=0	2026-10-01
drevene mechanicke hracky	IDEAS	drevené 3d puzzle,mechanické puzzle,book nook,miniatúrny domček,lepidlo na drevené puzzle,stavebnica pre dospelých,hracia skrinka,parná lokomotíva model,halloween dekorácia,darček pre starých rodičov	10	10	10	EXACT	10	MEDIUM	50	2025-09=10;2025-10=10;2025-11=10;2025-12=10;2026-01=10;2026-02=10;2026-03=10;2026-04=10;2026-05=10;2026-06=10;2026-07=0;2026-08=10	2026-10-01
drevene mechanicke stavebnice	IDEAS	drevené 3d puzzle,mechanické puzzle,book nook,miniatúrny domček,lepidlo na drevené puzzle,stavebnica pre dospelých,hracia skrinka,parná lokomotíva model,halloween dekorácia,darček pre starých rodičov	10	10	10	EXACT	10	HIGH	100	2025-09=10;2025-10=10;2025-11=10;2025-12=10;2026-01=10;2026-02=10;2026-03=10;2026-04=10;2026-05=10;2026-06=10;2026-07=0;2026-08=10	2026-10-01
drevene puzzle jelen	IDEAS	drevené 3d puzzle,mechanické puzzle,book nook,miniatúrny domček,lepidlo na drevené puzzle,stavebnica pre dospelých,hracia skrinka,parná lokomotíva model,halloween dekorácia,darček pre starých rodičov	10	10	10	EXACT	10	UNSPECIFIED		2025-09=10;2025-10=10;2025-11=10;2025-12=10;2026-01=10;2026-02=0;2026-03=0;2026-04=0;2026-05=0;2026-06=10;2026-07=10;2026-08=0	2026-10-01
drevené 3d skladačky	IDEAS	drevené 3d puzzle,mechanické puzzle,book nook,miniatúrny domček,lepidlo na drevené puzzle,stavebnica pre dospelých,hracia skrinka,parná lokomotíva model,halloween dekorácia,darček pre starých rodičov	10	10	10	EXACT	10	HIGH	100	2025-09=0;2025-10=10;2025-11=10;2025-12=0;2026-01=10;2026-02=10;2026-03=0;2026-04=10;2026-05=10;2026-06=0;2026-07=0;2026-08=10	2026-10-01
drevené skladačky 3d	IDEAS	drevené 3d puzzle,mechanické puzzle,book nook,miniatúrny domček,lepidlo na drevené puzzle,stavebnica pre dospelých,hracia skrinka,parná lokomotíva model,halloween dekorácia,darček pre starých rodičov	10	10	10	EXACT	10	HIGH	100	2025-09=10;2025-10=10;2025-11=10;2025-12=10;2026-01=10;2026-02=10;2026-03=10;2026-04=10;2026-05=10;2026-06=10;2026-07=10;2026-08=10	2026-10-01
halloween výzdoba na dvere	IDEAS	drevené 3d puzzle,mechanické puzzle,book nook,miniatúrny domček,lepidlo na drevené puzzle,stavebnica pre dospelých,hracia skrinka,parná lokomotíva model,halloween dekorácia,darček pre starých rodičov	10	10	10	EXACT	10	UNSPECIFIED		2025-09=20;2025-10=90;2025-11=10;2025-12=0;2026-01=0;2026-02=10;2026-03=0;2026-04=0;2026-05=0;2026-06=0;2026-07=0;2026-08=0	2026-10-01
halloweenska dekoracia	IDEAS	drevené 3d puzzle,mechanické puzzle,book nook,miniatúrny domček,lepidlo na drevené puzzle,stavebnica pre dospelých,hracia skrinka,parná lokomotíva model,halloween dekorácia,darček pre starých rodičov	480	480	480	EXACT	480	HIGH	100	2025-09=1300;2025-10=2900;2025-11=170;2025-12=30;2026-01=30;2026-02=70;2026-03=50;2026-04=40;2026-05=20;2026-06=40;2026-07=140;2026-08=590	2026-10-01
hracia skrinka balerina	IDEAS	drevené 3d puzzle,mechanické puzzle,book nook,miniatúrny domček,lepidlo na drevené puzzle,stavebnica pre dospelých,hracia skrinka,parná lokomotíva model,halloween dekorácia,darček pre starých rodičov	10	10	10	EXACT	10	HIGH	100	2025-09=10;2025-10=10;2025-11=10;2025-12=20;2026-01=10;2026-02=10;2026-03=10;2026-04=10;2026-05=10;2026-06=10;2026-07=10;2026-08=10	2026-10-01
hracia skrinka dracik	IDEAS	drevené 3d puzzle,mechanické puzzle,book nook,miniatúrny domček,lepidlo na drevené puzzle,stavebnica pre dospelých,hracia skrinka,parná lokomotíva model,halloween dekorácia,darček pre starých rodičov	10	10	10	EXACT	10	HIGH	100	2025-09=10;2025-10=10;2025-11=30;2025-12=30;2026-01=30;2026-02=10;2026-03=20;2026-04=10;2026-05=10;2026-06=10;2026-07=10;2026-08=10	2026-10-01
hracia skrinka kolotoč	IDEAS	drevené 3d puzzle,mechanické puzzle,book nook,miniatúrny domček,lepidlo na drevené puzzle,stavebnica pre dospelých,hracia skrinka,parná lokomotíva model,halloween dekorácia,darček pre starých rodičov	20	20	20	EXACT	20	HIGH	100	2025-09=10;2025-10=30;2025-11=40;2025-12=20;2026-01=10;2026-02=30;2026-03=10;2026-04=10;2026-05=10;2026-06=10;2026-07=10;2026-08=10	2026-10-01
hracia skrinka little dutch	IDEAS	drevené 3d puzzle,mechanické puzzle,book nook,miniatúrny domček,lepidlo na drevené puzzle,stavebnica pre dospelých,hracia skrinka,parná lokomotíva model,halloween dekorácia,darček pre starých rodičov	10	10	10	EXACT	10	HIGH	100	2025-09=10;2025-10=10;2025-11=30;2025-12=20;2026-01=10;2026-02=10;2026-03=10;2026-04=10;2026-05=10;2026-06=10;2026-07=10;2026-08=10	2026-10-01
hracia skrinka sperkovnica	IDEAS	drevené 3d puzzle,mechanické puzzle,book nook,miniatúrny domček,lepidlo na drevené puzzle,stavebnica pre dospelých,hracia skrinka,parná lokomotíva model,halloween dekorácia,darček pre starých rodičov	10	10	10	EXACT	10	HIGH	100	2025-09=10;2025-10=10;2025-11=20;2025-12=30;2026-01=10;2026-02=10;2026-03=10;2026-04=10;2026-05=10;2026-06=10;2026-07=10;2026-08=10	2026-10-01
hracie skrinky pre deti	IDEAS	drevené 3d puzzle,mechanické puzzle,book nook,miniatúrny domček,lepidlo na drevené puzzle,stavebnica pre dospelých,hracia skrinka,parná lokomotíva model,halloween dekorácia,darček pre starých rodičov	10	10	10	EXACT	10	HIGH	82	2025-09=10;2025-10=20;2025-11=30;2025-12=30;2026-01=20;2026-02=10;2026-03=10;2026-04=10;2026-05=10;2026-06=10;2026-07=10;2026-08=10	2026-10-01
hracie skrinky s baletkou	IDEAS	drevené 3d puzzle,mechanické puzzle,book nook,miniatúrny domček,lepidlo na drevené puzzle,stavebnica pre dospelých,hracia skrinka,parná lokomotíva model,halloween dekorácia,darček pre starých rodičov	10	10	10	EXACT	10	HIGH	100	2025-09=10;2025-10=10;2025-11=20;2025-12=20;2026-01=10;2026-02=10;2026-03=10;2026-04=10;2026-05=10;2026-06=10;2026-07=10;2026-08=10	2026-10-01
hudobna hracia skrinka	IDEAS	drevené 3d puzzle,mechanické puzzle,book nook,miniatúrny domček,lepidlo na drevené puzzle,stavebnica pre dospelých,hracia skrinka,parná lokomotíva model,halloween dekorácia,darček pre starých rodičov	10	10	10	EXACT	10	UNSPECIFIED		2025-09=10;2025-10=10;2025-11=10;2025-12=10;2026-01=10;2026-02=10;2026-03=10;2026-04=10;2026-05=10;2026-06=10;2026-07=10;2026-08=0	2026-10-01
hudobná skrinka	IDEAS	drevené 3d puzzle,mechanické puzzle,book nook,miniatúrny domček,lepidlo na drevené puzzle,stavebnica pre dospelých,hracia skrinka,parná lokomotíva model,halloween dekorácia,darček pre starých rodičov	40	40	40	EXACT	40	HIGH	98	2025-09=30;2025-10=50;2025-11=70;2025-12=90;2026-01=40;2026-02=40;2026-03=40;2026-04=20;2026-05=20;2026-06=30;2026-07=10;2026-08=50	2026-10-01
lepidlo na drevene puzzle	IDEAS	drevené 3d puzzle,mechanické puzzle,book nook,miniatúrny domček,lepidlo na drevené puzzle,stavebnica pre dospelých,hracia skrinka,parná lokomotíva model,halloween dekorácia,darček pre starých rodičov	20	20	20	EXACT	20	HIGH	100	2025-09=10;2025-10=10;2025-11=20;2025-12=40;2026-01=50;2026-02=30;2026-03=20;2026-04=10;2026-05=10;2026-06=10;2026-07=10;2026-08=10	2026-10-01
little dutch hracia skrinka	IDEAS	drevené 3d puzzle,mechanické puzzle,book nook,miniatúrny domček,lepidlo na drevené puzzle,stavebnica pre dospelých,hracia skrinka,parná lokomotíva model,halloween dekorácia,darček pre starých rodičov	10	10	10	EXACT	10	HIGH	100	2025-09=10;2025-10=10;2025-11=30;2025-12=30;2026-01=10;2026-02=10;2026-03=10;2026-04=10;2026-05=10;2026-06=10;2026-07=10;2026-08=10	2026-10-01
mechanicke puzzle	IDEAS	drevené 3d puzzle,mechanické puzzle,book nook,miniatúrny domček,lepidlo na drevené puzzle,stavebnica pre dospelých,hracia skrinka,parná lokomotíva model,halloween dekorácia,darček pre starých rodičov	10	10	10	EXACT	10	HIGH	100	2025-09=10;2025-10=10;2025-11=30;2025-12=30;2026-01=10;2026-02=10;2026-03=10;2026-04=10;2026-05=10;2026-06=10;2026-07=10;2026-08=10	2026-10-01
miniatúrny nábytok	IDEAS	drevené 3d puzzle,mechanické puzzle,book nook,miniatúrny domček,lepidlo na drevené puzzle,stavebnica pre dospelých,hracia skrinka,parná lokomotíva model,halloween dekorácia,darček pre starých rodičov	10	10	10	EXACT	10	MEDIUM	41	2025-09=20;2025-10=10;2025-11=20;2025-12=10;2026-01=10;2026-02=10;2026-03=10;2026-04=20;2026-05=10;2026-06=10;2026-07=20;2026-08=20	2026-10-01
stavebnica pre dospelych	IDEAS	drevené 3d puzzle,mechanické puzzle,book nook,miniatúrny domček,lepidlo na drevené puzzle,stavebnica pre dospelých,hracia skrinka,parná lokomotíva model,halloween dekorácia,darček pre starých rodičov	260	260	260	EXACT	260	HIGH	100	2025-09=140;2025-10=260;2025-11=720;2025-12=720;2026-01=320;2026-02=170;2026-03=140;2026-04=110;2026-05=110;2026-06=110;2026-07=110;2026-08=170	2026-10-01
tekvice dekoracie	IDEAS	drevené 3d puzzle,mechanické puzzle,book nook,miniatúrny domček,lepidlo na drevené puzzle,stavebnica pre dospelých,hracia skrinka,parná lokomotíva model,halloween dekorácia,darček pre starých rodičov	140	140	140	EXACT	140	HIGH	100	2025-09=320;2025-10=1000;2025-11=70;2025-12=10;2026-01=10;2026-02=10;2026-03=10;2026-04=10;2026-05=10;2026-06=0;2026-07=10;2026-08=50	2026-10-01
tip na vianocny darcek pre rodicov	IDEAS	drevené 3d puzzle,mechanické puzzle,book nook,miniatúrny domček,lepidlo na drevené puzzle,stavebnica pre dospelých,hracia skrinka,parná lokomotíva model,halloween dekorácia,darček pre starých rodičov	10	10	10	EXACT	10	HIGH	100	2025-09=10;2025-10=10;2025-11=30;2025-12=20;2026-01=10;2026-02=10;2026-03=0;2026-04=0;2026-05=0;2026-06=0;2026-07=0;2026-08=10	2026-10-01
tipy na darceky pre starych rodicov	IDEAS	drevené 3d puzzle,mechanické puzzle,book nook,miniatúrny domček,lepidlo na drevené puzzle,stavebnica pre dospelých,hracia skrinka,parná lokomotíva model,halloween dekorácia,darček pre starých rodičov	10	10	10	EXACT	10	UNSPECIFIED		2025-09=10;2025-10=10;2025-11=10;2025-12=20;2026-01=0;2026-02=0;2026-03=0;2026-04=0;2026-05=0;2026-06=0;2026-07=0;2026-08=0	2026-10-01
vianocne darceky pre starych rodicov	IDEAS	drevené 3d puzzle,mechanické puzzle,book nook,miniatúrny domček,lepidlo na drevené puzzle,stavebnica pre dospelých,hracia skrinka,parná lokomotíva model,halloween dekorácia,darček pre starých rodičov	10	10	10	EXACT	10	UNSPECIFIED		2025-09=10;2025-10=10;2025-11=20;2025-12=30;2026-01=0;2026-02=0;2026-03=0;2026-04=0;2026-05=0;2026-06=0;2026-07=0;2026-08=0	2026-10-01
vianocny darcek pre starych rodicov	IDEAS	drevené 3d puzzle,mechanické puzzle,book nook,miniatúrny domček,lepidlo na drevené puzzle,stavebnica pre dospelých,hracia skrinka,parná lokomotíva model,halloween dekorácia,darček pre starých rodičov	10	10	10	EXACT	10	UNSPECIFIED		2025-09=10;2025-10=10;2025-11=30;2025-12=30;2026-01=0;2026-02=0;2026-03=0;2026-04=0;2026-05=0;2026-06=0;2026-07=0;2026-08=0	2026-10-01
vianočné darčeky pre starých rodičov	IDEAS	drevené 3d puzzle,mechanické puzzle,book nook,miniatúrny domček,lepidlo na drevené puzzle,stavebnica pre dospelých,hracia skrinka,parná lokomotíva model,halloween dekorácia,darček pre starých rodičov	50	50	50	EXACT	50	LOW	0	2025-09=10;2025-10=50;2025-11=210;2025-12=320;2026-01=10;2026-02=10;2026-03=10;2026-04=0;2026-05=0;2026-06=0;2026-07=10;2026-08=10	2026-10-01
miniatúrny domček	IDEAS	drevené 3d puzzle,mechanické puzzle,book nook,miniatúrny domček,lepidlo na drevené puzzle,stavebnica pre dospelých,hracia skrinka,parná lokomotíva model,halloween dekorácia,darček pre starých rodičov									2026-10-01
lepidlo na drevené puzzle	IDEAS	drevené 3d puzzle,mechanické puzzle,book nook,miniatúrny domček,lepidlo na drevené puzzle,stavebnica pre dospelých,hracia skrinka,parná lokomotíva model,halloween dekorácia,darček pre starých rodičov									2026-10-01
parná lokomotíva model	IDEAS	drevené 3d puzzle,mechanické puzzle,book nook,miniatúrny domček,lepidlo na drevené puzzle,stavebnica pre dospelých,hracia skrinka,parná lokomotíva model,halloween dekorácia,darček pre starých rodičov									2026-10-01
darček na mikuláša	IDEAS	darček na mikuláša,vianočné darčeky pre ňu,vianočný darček pre muža,osvetlenie miniatúrny domček,drevené kvety puzzle,relaxačné hobby,darček pre deti stavebnica,kukučkové hodiny,tower bridge,svietiaci glóbus	40	40	40	EXACT	40	LOW	0	2025-09=10;2025-10=50;2025-11=260;2025-12=170;2026-01=0;2026-02=10;2026-03=10;2026-04=0;2026-05=0;2026-06=10;2026-07=10;2026-08=10	2026-10-01
vianočný darček pre muža	IDEAS	darček na mikuláša,vianočné darčeky pre ňu,vianočný darček pre muža,osvetlenie miniatúrny domček,drevené kvety puzzle,relaxačné hobby,darček pre deti stavebnica,kukučkové hodiny,tower bridge,svietiaci glóbus	170	170	170	EXACT	170	HIGH	100	2025-09=50;2025-10=210;2025-11=720;2025-12=1000;2026-01=10;2026-02=10;2026-03=10;2026-04=10;2026-05=10;2026-06=0;2026-07=10;2026-08=10	2026-10-01
kukučkové hodiny	IDEAS	darček na mikuláša,vianočné darčeky pre ňu,vianočný darček pre muža,osvetlenie miniatúrny domček,drevené kvety puzzle,relaxačné hobby,darček pre deti stavebnica,kukučkové hodiny,tower bridge,svietiaci glóbus	1000	1000	1000	EXACT	1000	HIGH	100	2025-09=880;2025-10=1000;2025-11=1300;2025-12=1300;2026-01=1900;2026-02=1000;2026-03=880;2026-04=720;2026-05=590;2026-06=590;2026-07=590;2026-08=720	2026-10-01
tower bridge	IDEAS	darček na mikuláša,vianočné darčeky pre ňu,vianočný darček pre muža,osvetlenie miniatúrny domček,drevené kvety puzzle,relaxačné hobby,darček pre deti stavebnica,kukučkové hodiny,tower bridge,svietiaci glóbus	1900	1900	1900	EXACT	1900	HIGH	69	2025-09=1900;2025-10=2400;2025-11=1900;2025-12=1300;2026-01=2400;2026-02=2400;2026-03=2900;2026-04=2900;2026-05=2400;2026-06=1600;2026-07=1000;2026-08=1000	2026-10-01
svietiaci glóbus	IDEAS	darček na mikuláša,vianočné darčeky pre ňu,vianočný darček pre muža,osvetlenie miniatúrny domček,drevené kvety puzzle,relaxačné hobby,darček pre deti stavebnica,kukučkové hodiny,tower bridge,svietiaci glóbus	480	480	480	EXACT	480	HIGH	100	2025-09=480;2025-10=720;2025-11=1600;2025-12=1300;2026-01=480;2026-02=320;2026-03=260;2026-04=210;2026-05=210;2026-06=140;2026-07=140;2026-08=260	2026-10-01
vianocny darcek pre chlapa	IDEAS	darček na mikuláša,vianočné darčeky pre ňu,vianočný darček pre muža,osvetlenie miniatúrny domček,drevené kvety puzzle,relaxačné hobby,darček pre deti stavebnica,kukučkové hodiny,tower bridge,svietiaci glóbus	140	140	140	EXACT	140	HIGH	100	2025-09=20;2025-10=90;2025-11=590;2025-12=880;2026-01=10;2026-02=10;2026-03=0;2026-04=0;2026-05=10;2026-06=0;2026-07=10;2026-08=10	2026-10-01
kukuckove hodiny	IDEAS	darček na mikuláša,vianočné darčeky pre ňu,vianočný darček pre muža,osvetlenie miniatúrny domček,drevené kvety puzzle,relaxačné hobby,darček pre deti stavebnica,kukučkové hodiny,tower bridge,svietiaci glóbus	320	320	320	EXACT	320	HIGH	100	2025-09=170;2025-10=320;2025-11=320;2025-12=320;2026-01=1000;2026-02=320;2026-03=210;2026-04=210;2026-05=210;2026-06=170;2026-07=170;2026-08=170	2026-10-01
vianocny darcek pre manzela	IDEAS	darček na mikuláša,vianočné darčeky pre ňu,vianočný darček pre muža,osvetlenie miniatúrny domček,drevené kvety puzzle,relaxačné hobby,darček pre deti stavebnica,kukučkové hodiny,tower bridge,svietiaci glóbus	140	140	140	EXACT	140	HIGH	67	2025-09=20;2025-10=90;2025-11=480;2025-12=880;2026-01=10;2026-02=10;2026-03=10;2026-04=10;2026-05=0;2026-06=0;2026-07=10;2026-08=10	2026-10-01
ingresso tower bridge	IDEAS	darček na mikuláša,vianočné darčeky pre ňu,vianočný darček pre muža,osvetlenie miniatúrny domček,drevené kvety puzzle,relaxačné hobby,darček pre deti stavebnica,kukučkové hodiny,tower bridge,svietiaci glóbus									2026-10-01
visita tower bridge	IDEAS	darček na mikuláša,vianočné darčeky pre ňu,vianočný darček pre muža,osvetlenie miniatúrny domček,drevené kvety puzzle,relaxačné hobby,darček pre deti stavebnica,kukučkové hodiny,tower bridge,svietiaci glóbus									2026-10-01
vianocny darcek pre muza	IDEAS	darček na mikuláša,vianočné darčeky pre ňu,vianočný darček pre muža,osvetlenie miniatúrny domček,drevené kvety puzzle,relaxačné hobby,darček pre deti stavebnica,kukučkové hodiny,tower bridge,svietiaci glóbus	90	90	90	EXACT	90	MEDIUM	38	2025-09=40;2025-10=90;2025-11=320;2025-12=390;2026-01=40;2026-02=30;2026-03=40;2026-04=30;2026-05=10;2026-06=10;2026-07=10;2026-08=10	2026-10-01
vianocny darcek pre priatela	IDEAS	darček na mikuláša,vianočné darčeky pre ňu,vianočný darček pre muža,osvetlenie miniatúrny domček,drevené kvety puzzle,relaxačné hobby,darček pre deti stavebnica,kukučkové hodiny,tower bridge,svietiaci glóbus	20	20	20	EXACT	20	HIGH	100	2025-09=10;2025-10=40;2025-11=70;2025-12=90;2026-01=0;2026-02=10;2026-03=10;2026-04=0;2026-05=10;2026-06=10;2026-07=10;2026-08=10	2026-10-01
nástenné kukučkové hodiny	IDEAS	darček na mikuláša,vianočné darčeky pre ňu,vianočný darček pre muža,osvetlenie miniatúrny domček,drevené kvety puzzle,relaxačné hobby,darček pre deti stavebnica,kukučkové hodiny,tower bridge,svietiaci glóbus	20	20	20	EXACT	20	HIGH	100	2025-09=20;2025-10=40;2025-11=30;2025-12=30;2026-01=40;2026-02=30;2026-03=20;2026-04=20;2026-05=10;2026-06=10;2026-07=10;2026-08=10	2026-10-01
darcek na mikulasa	IDEAS	darček na mikuláša,vianočné darčeky pre ňu,vianočný darček pre muža,osvetlenie miniatúrny domček,drevené kvety puzzle,relaxačné hobby,darček pre deti stavebnica,kukučkové hodiny,tower bridge,svietiaci glóbus	90	90	90	EXACT	90	HIGH	80	2025-09=20;2025-10=140;2025-11=720;2025-12=320;2026-01=10;2026-02=10;2026-03=10;2026-04=10;2026-05=10;2026-06=10;2026-07=10;2026-08=10	2026-10-01
darcek na mikulasa pre priatela	IDEAS	darček na mikuláša,vianočné darčeky pre ňu,vianočný darček pre muža,osvetlenie miniatúrny domček,drevené kvety puzzle,relaxačné hobby,darček pre deti stavebnica,kukučkové hodiny,tower bridge,svietiaci glóbus	30	30	30	EXACT	30	LOW	0	2025-09=10;2025-10=20;2025-11=140;2025-12=90;2026-01=10;2026-02=10;2026-03=10;2026-04=40;2026-05=20;2026-06=10;2026-07=10;2026-08=20	2026-10-01
darcek pod stromcek pre muza	IDEAS	darček na mikuláša,vianočné darčeky pre ňu,vianočný darček pre muža,osvetlenie miniatúrny domček,drevené kvety puzzle,relaxačné hobby,darček pre deti stavebnica,kukučkové hodiny,tower bridge,svietiaci glóbus	10	10	10	EXACT	10	UNSPECIFIED		2025-09=0;2025-10=10;2025-11=20;2025-12=30;2026-01=0;2026-02=0;2026-03=0;2026-04=0;2026-05=0;2026-06=0;2026-07=0;2026-08=0	2026-10-01
darcek pre deti na mikulasa	IDEAS	darček na mikuláša,vianočné darčeky pre ňu,vianočný darček pre muža,osvetlenie miniatúrny domček,drevené kvety puzzle,relaxačné hobby,darček pre deti stavebnica,kukučkové hodiny,tower bridge,svietiaci glóbus	10	10	10	EXACT	10	UNSPECIFIED		2025-09=0;2025-10=0;2025-11=10;2025-12=0;2026-01=0;2026-02=0;2026-03=0;2026-04=0;2026-05=0;2026-06=0;2026-07=0;2026-08=0	2026-10-01
darček na mikuláša pre deti	IDEAS	darček na mikuláša,vianočné darčeky pre ňu,vianočný darček pre muža,osvetlenie miniatúrny domček,drevené kvety puzzle,relaxačné hobby,darček pre deti stavebnica,kukučkové hodiny,tower bridge,svietiaci glóbus	50	50	50	EXACT	50	LOW	0	2025-09=30;2025-10=110;2025-11=320;2025-12=140;2026-01=10;2026-02=10;2026-03=0;2026-04=10;2026-05=0;2026-06=10;2026-07=0;2026-08=10	2026-10-01
detske kukuckove hodiny	IDEAS	darček na mikuláša,vianočné darčeky pre ňu,vianočný darček pre muža,osvetlenie miniatúrny domček,drevené kvety puzzle,relaxačné hobby,darček pre deti stavebnica,kukučkové hodiny,tower bridge,svietiaci glóbus	10	10	10	EXACT	10	HIGH	100	2025-09=10;2025-10=20;2025-11=30;2025-12=20;2026-01=20;2026-02=20;2026-03=20;2026-04=10;2026-05=10;2026-06=10;2026-07=10;2026-08=10	2026-10-01
detské kukučkové hodiny	IDEAS	darček na mikuláša,vianočné darčeky pre ňu,vianočný darček pre muža,osvetlenie miniatúrny domček,drevené kvety puzzle,relaxačné hobby,darček pre deti stavebnica,kukučkové hodiny,tower bridge,svietiaci glóbus	10	10	10	EXACT	10	LOW	0	2025-09=10;2025-10=20;2025-11=10;2025-12=10;2026-01=0;2026-02=0;2026-03=10;2026-04=10;2026-05=10;2026-06=0;2026-07=10;2026-08=10	2026-10-01
dracik svietiaci globus	IDEAS	darček na mikuláša,vianočné darčeky pre ňu,vianočný darček pre muža,osvetlenie miniatúrny domček,drevené kvety puzzle,relaxačné hobby,darček pre deti stavebnica,kukučkové hodiny,tower bridge,svietiaci glóbus	10	10	10	EXACT	10	LOW	0	2025-09=10;2025-10=10;2025-11=10;2025-12=10;2026-01=10;2026-02=0;2026-03=10;2026-04=10;2026-05=0;2026-06=10;2026-07=0;2026-08=10	2026-10-01
drevené kukučkové hodiny	IDEAS	darček na mikuláša,vianočné darčeky pre ňu,vianočný darček pre muža,osvetlenie miniatúrny domček,drevené kvety puzzle,relaxačné hobby,darček pre deti stavebnica,kukučkové hodiny,tower bridge,svietiaci glóbus	10	10	10	EXACT	10	HIGH	100	2025-09=10;2025-10=10;2025-11=10;2025-12=20;2026-01=30;2026-02=20;2026-03=20;2026-04=10;2026-05=10;2026-06=10;2026-07=20;2026-08=10	2026-10-01
entree tower bridge	IDEAS	darček na mikuláša,vianočné darčeky pre ňu,vianočný darček pre muža,osvetlenie miniatúrny domček,drevené kvety puzzle,relaxačné hobby,darček pre deti stavebnica,kukučkové hodiny,tower bridge,svietiaci glóbus									2026-10-01
hodiny kukučkové	IDEAS	darček na mikuláša,vianočné darčeky pre ňu,vianočný darček pre muža,osvetlenie miniatúrny domček,drevené kvety puzzle,relaxačné hobby,darček pre deti stavebnica,kukučkové hodiny,tower bridge,svietiaci glóbus	10	10	10	EXACT	10	HIGH	100	2025-09=10;2025-10=10;2025-11=10;2025-12=0;2026-01=10;2026-02=10;2026-03=10;2026-04=0;2026-05=10;2026-06=10;2026-07=10;2026-08=10	2026-10-01
ir a tower bridge	IDEAS	darček na mikuláša,vianočné darčeky pre ňu,vianočný darček pre muža,osvetlenie miniatúrny domček,drevené kvety puzzle,relaxačné hobby,darček pre deti stavebnica,kukučkové hodiny,tower bridge,svietiaci glóbus									2026-10-01
kukuckove hodiny bazos	IDEAS	darček na mikuláša,vianočné darčeky pre ňu,vianočný darček pre muža,osvetlenie miniatúrny domček,drevené kvety puzzle,relaxačné hobby,darček pre deti stavebnica,kukučkové hodiny,tower bridge,svietiaci glóbus	140	140	140	EXACT	140	HIGH	92	2025-09=90;2025-10=140;2025-11=110;2025-12=170;2026-01=320;2026-02=170;2026-03=170;2026-04=140;2026-05=90;2026-06=90;2026-07=110;2026-08=140	2026-10-01
kukuckove hodiny casti	IDEAS	darček na mikuláša,vianočné darčeky pre ňu,vianočný darček pre muža,osvetlenie miniatúrny domček,drevené kvety puzzle,relaxačné hobby,darček pre deti stavebnica,kukučkové hodiny,tower bridge,svietiaci glóbus	10	10	10	EXACT	10	MEDIUM	62	2025-09=50;2025-10=10;2025-11=10;2025-12=10;2026-01=10;2026-02=10;2026-03=10;2026-04=0;2026-05=0;2026-06=0;2026-07=0;2026-08=10	2026-10-01
kukuckove hodiny detske	IDEAS	darček na mikuláša,vianočné darčeky pre ňu,vianočný darček pre muža,osvetlenie miniatúrny domček,drevené kvety puzzle,relaxačné hobby,darček pre deti stavebnica,kukučkové hodiny,tower bridge,svietiaci glóbus	10	10	10	EXACT	10	HIGH	100	2025-09=10;2025-10=10;2025-11=20;2025-12=10;2026-01=20;2026-02=10;2026-03=10;2026-04=10;2026-05=10;2026-06=10;2026-07=10;2026-08=10	2026-10-01
kukuckove hodiny na baterky	IDEAS	darček na mikuláša,vianočné darčeky pre ňu,vianočný darček pre muža,osvetlenie miniatúrny domček,drevené kvety puzzle,relaxačné hobby,darček pre deti stavebnica,kukučkové hodiny,tower bridge,svietiaci glóbus	10	10	10	EXACT	10	UNSPECIFIED		2025-09=10;2025-10=10;2025-11=10;2025-12=10;2026-01=10;2026-02=10;2026-03=10;2026-04=10;2026-05=0;2026-06=0;2026-07=10;2026-08=0	2026-10-01
kukuckove hodiny predaj	IDEAS	darček na mikuláša,vianočné darčeky pre ňu,vianočný darček pre muža,osvetlenie miniatúrny domček,drevené kvety puzzle,relaxačné hobby,darček pre deti stavebnica,kukučkové hodiny,tower bridge,svietiaci glóbus	40	40	40	EXACT	40	HIGH	96	2025-09=10;2025-10=30;2025-11=30;2025-12=70;2026-01=110;2026-02=70;2026-03=40;2026-04=50;2026-05=30;2026-06=30;2026-07=30;2026-08=20	2026-10-01
kukuckove hodiny retro	IDEAS	darček na mikuláša,vianočné darčeky pre ňu,vianočný darček pre muža,osvetlenie miniatúrny domček,drevené kvety puzzle,relaxačné hobby,darček pre deti stavebnica,kukučkové hodiny,tower bridge,svietiaci glóbus	10	10	10	EXACT	10	HIGH	100	2025-09=10;2025-10=10;2025-11=10;2025-12=10;2026-01=10;2026-02=10;2026-03=10;2026-04=10;2026-05=20;2026-06=10;2026-07=10;2026-08=10	2026-10-01
kukuckové hodiny	IDEAS	darček na mikuláša,vianočné darčeky pre ňu,vianočný darček pre muža,osvetlenie miniatúrny domček,drevené kvety puzzle,relaxačné hobby,darček pre deti stavebnica,kukučkové hodiny,tower bridge,svietiaci glóbus	10	10	10	EXACT	10	HIGH	67	2025-09=10;2025-10=10;2025-11=10;2025-12=10;2026-01=10;2026-02=10;2026-03=10;2026-04=10;2026-05=10;2026-06=10;2026-07=10;2026-08=10	2026-10-01
kukučkové hodiny bazar	IDEAS	darček na mikuláša,vianočné darčeky pre ňu,vianočný darček pre muža,osvetlenie miniatúrny domček,drevené kvety puzzle,relaxačné hobby,darček pre deti stavebnica,kukučkové hodiny,tower bridge,svietiaci glóbus	30	30	30	EXACT	30	HIGH	94	2025-09=20;2025-10=40;2025-11=30;2025-12=30;2026-01=70;2026-02=30;2026-03=10;2026-04=10;2026-05=40;2026-06=10;2026-07=20;2026-08=40	2026-10-01
kukučkové hodiny bazos	IDEAS	darček na mikuláša,vianočné darčeky pre ňu,vianočný darček pre muža,osvetlenie miniatúrny domček,drevené kvety puzzle,relaxačné hobby,darček pre deti stavebnica,kukučkové hodiny,tower bridge,svietiaci glóbus	140	140	140	EXACT	140	HIGH	92	2025-09=90;2025-10=140;2025-11=110;2025-12=170;2026-01=320;2026-02=170;2026-03=170;2026-04=140;2026-05=90;2026-06=90;2026-07=110;2026-08=140	2026-10-01
kukučkové hodiny bazoš	IDEAS	darček na mikuláša,vianočné darčeky pre ňu,vianočný darček pre muža,osvetlenie miniatúrny domček,drevené kvety puzzle,relaxačné hobby,darček pre deti stavebnica,kukučkové hodiny,tower bridge,svietiaci glóbus	140	140	140	EXACT	140	HIGH	92	2025-09=90;2025-10=140;2025-11=110;2025-12=170;2026-01=320;2026-02=170;2026-03=170;2026-04=140;2026-05=90;2026-06=90;2026-07=110;2026-08=140	2026-10-01
kukučkové hodiny cena	IDEAS	darček na mikuláša,vianočné darčeky pre ňu,vianočný darček pre muža,osvetlenie miniatúrny domček,drevené kvety puzzle,relaxačné hobby,darček pre deti stavebnica,kukučkové hodiny,tower bridge,svietiaci glóbus	10	10	10	EXACT	10	HIGH	96	2025-09=10;2025-10=10;2025-11=10;2025-12=10;2026-01=20;2026-02=10;2026-03=20;2026-04=10;2026-05=10;2026-06=10;2026-07=10;2026-08=20	2026-10-01
kukučkové hodiny majak	IDEAS	darček na mikuláša,vianočné darčeky pre ňu,vianočný darček pre muža,osvetlenie miniatúrny domček,drevené kvety puzzle,relaxačné hobby,darček pre deti stavebnica,kukučkové hodiny,tower bridge,svietiaci glóbus	20	20	20	EXACT	20	LOW	5	2025-09=10;2025-10=10;2025-11=10;2025-12=10;2026-01=10;2026-02=10;2026-03=20;2026-04=10;2026-05=30;2026-06=20;2026-07=40;2026-08=40	2026-10-01
kukučkové hodiny predaj	IDEAS	darček na mikuláša,vianočné darčeky pre ňu,vianočný darček pre muža,osvetlenie miniatúrny domček,drevené kvety puzzle,relaxačné hobby,darček pre deti stavebnica,kukučkové hodiny,tower bridge,svietiaci glóbus	40	40	40	EXACT	40	HIGH	96	2025-09=10;2025-10=30;2025-11=30;2025-12=70;2026-01=110;2026-02=70;2026-03=40;2026-04=50;2026-05=30;2026-06=30;2026-07=30;2026-08=20	2026-10-01
lacne kukuckove hodiny	IDEAS	darček na mikuláša,vianočné darčeky pre ňu,vianočný darček pre muža,osvetlenie miniatúrny domček,drevené kvety puzzle,relaxačné hobby,darček pre deti stavebnica,kukučkové hodiny,tower bridge,svietiaci glóbus	10	10	10	EXACT	10	HIGH	100	2025-09=30;2025-10=20;2025-11=10;2025-12=10;2026-01=30;2026-02=10;2026-03=10;2026-04=10;2026-05=10;2026-06=0;2026-07=10;2026-08=10	2026-10-01
mechanické kukučkové hodiny	IDEAS	darček na mikuláša,vianočné darčeky pre ňu,vianočný darček pre muža,osvetlenie miniatúrny domček,drevené kvety puzzle,relaxačné hobby,darček pre deti stavebnica,kukučkové hodiny,tower bridge,svietiaci glóbus	40	40	40	EXACT	40	HIGH	100	2025-09=50;2025-10=40;2025-11=70;2025-12=50;2026-01=50;2026-02=50;2026-03=40;2026-04=30;2026-05=20;2026-06=20;2026-07=20;2026-08=10	2026-10-01
mikulas darcek	IDEAS	darček na mikuláša,vianočné darčeky pre ňu,vianočný darček pre muža,osvetlenie miniatúrny domček,drevené kvety puzzle,relaxačné hobby,darček pre deti stavebnica,kukučkové hodiny,tower bridge,svietiaci glóbus	50	50	50	EXACT	50	HIGH	87	2025-09=20;2025-10=90;2025-11=260;2025-12=260;2026-01=10;2026-02=10;2026-03=20;2026-04=10;2026-05=10;2026-06=10;2026-07=10;2026-08=10	2026-10-01
mikuláš darček	IDEAS	darček na mikuláša,vianočné darčeky pre ňu,vianočný darček pre muža,osvetlenie miniatúrny domček,drevené kvety puzzle,relaxačné hobby,darček pre deti stavebnica,kukučkové hodiny,tower bridge,svietiaci glóbus	50	50	50	EXACT	50	HIGH	87	2025-09=20;2025-10=90;2025-11=260;2025-12=260;2026-01=10;2026-02=10;2026-03=20;2026-04=10;2026-05=10;2026-06=10;2026-07=10;2026-08=10	2026-10-01
mikulášsky darček pre muža	IDEAS	darček na mikuláša,vianočné darčeky pre ňu,vianočný darček pre muža,osvetlenie miniatúrny domček,drevené kvety puzzle,relaxačné hobby,darček pre deti stavebnica,kukučkové hodiny,tower bridge,svietiaci glóbus	20	20	20	EXACT	20	LOW	0	2025-09=10;2025-10=10;2025-11=40;2025-12=30;2026-01=10;2026-02=10;2026-03=0;2026-04=30;2026-05=50;2026-06=10;2026-07=10;2026-08=20	2026-10-01
moderne kukuckove hodiny	IDEAS	darček na mikuláša,vianočné darčeky pre ňu,vianočný darček pre muža,osvetlenie miniatúrny domček,drevené kvety puzzle,relaxačné hobby,darček pre deti stavebnica,kukučkové hodiny,tower bridge,svietiaci glóbus	20	20	20	EXACT	20	HIGH	100	2025-09=30;2025-10=30;2025-11=30;2025-12=20;2026-01=20;2026-02=10;2026-03=20;2026-04=30;2026-05=20;2026-06=10;2026-07=10;2026-08=30	2026-10-01
nahradne diely na kukuckove hodiny	IDEAS	darček na mikuláša,vianočné darčeky pre ňu,vianočný darček pre muža,osvetlenie miniatúrny domček,drevené kvety puzzle,relaxačné hobby,darček pre deti stavebnica,kukučkové hodiny,tower bridge,svietiaci glóbus	10	10	10	EXACT	10	LOW	4	2025-09=10;2025-10=10;2025-11=10;2025-12=10;2026-01=20;2026-02=20;2026-03=10;2026-04=10;2026-05=10;2026-06=10;2026-07=10;2026-08=10	2026-10-01
originalny darcek na mikulasa	IDEAS	darček na mikuláša,vianočné darčeky pre ňu,vianočný darček pre muža,osvetlenie miniatúrny domček,drevené kvety puzzle,relaxačné hobby,darček pre deti stavebnica,kukučkové hodiny,tower bridge,svietiaci glóbus	10	10	10	EXACT	10	UNSPECIFIED		2025-09=0;2025-10=10;2025-11=10;2025-12=20;2026-01=0;2026-02=0;2026-03=0;2026-04=0;2026-05=10;2026-06=0;2026-07=0;2026-08=0	2026-10-01
predam kukuckove hodiny	IDEAS	darček na mikuláša,vianočné darčeky pre ňu,vianočný darček pre muža,osvetlenie miniatúrny domček,drevené kvety puzzle,relaxačné hobby,darček pre deti stavebnica,kukučkové hodiny,tower bridge,svietiaci glóbus	50	50	50	EXACT	50	MEDIUM	37	2025-09=70;2025-10=50;2025-11=70;2025-12=40;2026-01=90;2026-02=40;2026-03=50;2026-04=40;2026-05=40;2026-06=30;2026-07=30;2026-08=40	2026-10-01
puente de londres londres reino unido	IDEAS	darček na mikuláša,vianočné darčeky pre ňu,vianočný darček pre muža,osvetlenie miniatúrny domček,drevené kvety puzzle,relaxačné hobby,darček pre deti stavebnica,kukučkové hodiny,tower bridge,svietiaci glóbus									2026-10-01
puzzle kvety 1000	IDEAS	darček na mikuláša,vianočné darčeky pre ňu,vianočný darček pre muža,osvetlenie miniatúrny domček,drevené kvety puzzle,relaxačné hobby,darček pre deti stavebnica,kukučkové hodiny,tower bridge,svietiaci glóbus	20	20	20	EXACT	20	HIGH	92	2025-09=30;2025-10=30;2025-11=20;2025-12=20;2026-01=30;2026-02=20;2026-03=20;2026-04=10;2026-05=20;2026-06=20;2026-07=10;2026-08=10	2026-10-01
ruské kukuckove hodiny	IDEAS	darček na mikuláša,vianočné darčeky pre ňu,vianočný darček pre muža,osvetlenie miniatúrny domček,drevené kvety puzzle,relaxačné hobby,darček pre deti stavebnica,kukučkové hodiny,tower bridge,svietiaci glóbus	20	20	20	EXACT	20	MEDIUM	58	2025-09=30;2025-10=30;2025-11=20;2025-12=20;2026-01=30;2026-02=10;2026-03=10;2026-04=10;2026-05=10;2026-06=10;2026-07=10;2026-08=10	2026-10-01
stare kukuckove hodiny	IDEAS	darček na mikuláša,vianočné darčeky pre ňu,vianočný darček pre muža,osvetlenie miniatúrny domček,drevené kvety puzzle,relaxačné hobby,darček pre deti stavebnica,kukučkové hodiny,tower bridge,svietiaci glóbus	10	10	10	EXACT	10	HIGH	96	2025-09=20;2025-10=30;2025-11=20;2025-12=20;2026-01=20;2026-02=10;2026-03=10;2026-04=10;2026-05=10;2026-06=10;2026-07=10;2026-08=20	2026-10-01
stare kukučkové hodiny	IDEAS	darček na mikuláša,vianočné darčeky pre ňu,vianočný darček pre muža,osvetlenie miniatúrny domček,drevené kvety puzzle,relaxačné hobby,darček pre deti stavebnica,kukučkové hodiny,tower bridge,svietiaci glóbus	30	30	30	EXACT	30	MEDIUM	58	2025-09=20;2025-10=20;2025-11=20;2025-12=30;2026-01=50;2026-02=30;2026-03=40;2026-04=20;2026-05=10;2026-06=20;2026-07=30;2026-08=30	2026-10-01
svietiaci globus 30 cm	IDEAS	darček na mikuláša,vianočné darčeky pre ňu,vianočný darček pre muža,osvetlenie miniatúrny domček,drevené kvety puzzle,relaxačné hobby,darček pre deti stavebnica,kukučkové hodiny,tower bridge,svietiaci glóbus	10	10	10	EXACT	10	HIGH	100	2025-09=10;2025-10=10;2025-11=70;2025-12=20;2026-01=10;2026-02=10;2026-03=10;2026-04=10;2026-05=10;2026-06=10;2026-07=0;2026-08=10	2026-10-01
svietiaci globus dracik	IDEAS	darček na mikuláša,vianočné darčeky pre ňu,vianočný darček pre muža,osvetlenie miniatúrny domček,drevené kvety puzzle,relaxačné hobby,darček pre deti stavebnica,kukučkové hodiny,tower bridge,svietiaci glóbus	70	70	70	EXACT	70	HIGH	100	2025-09=50;2025-10=110;2025-11=210;2025-12=210;2026-01=90;2026-02=50;2026-03=30;2026-04=20;2026-05=30;2026-06=10;2026-07=20;2026-08=40	2026-10-01
svietiaci globus heureka	IDEAS	darček na mikuláša,vianočné darčeky pre ňu,vianočný darček pre muža,osvetlenie miniatúrny domček,drevené kvety puzzle,relaxačné hobby,darček pre deti stavebnica,kukučkové hodiny,tower bridge,svietiaci glóbus	10	10	10	EXACT	10	UNSPECIFIED		2025-09=0;2025-10=10;2025-11=10;2025-12=10;2026-01=0;2026-02=0;2026-03=10;2026-04=0;2026-05=0;2026-06=0;2026-07=0;2026-08=0	2026-10-01
svietiaci globus panta rhei	IDEAS	darček na mikuláša,vianočné darčeky pre ňu,vianočný darček pre muža,osvetlenie miniatúrny domček,drevené kvety puzzle,relaxačné hobby,darček pre deti stavebnica,kukučkové hodiny,tower bridge,svietiaci glóbus	20	20	20	EXACT	20	HIGH	70	2025-09=20;2025-10=20;2025-11=40;2025-12=50;2026-01=20;2026-02=10;2026-03=10;2026-04=10;2026-05=10;2026-06=10;2026-07=10;2026-08=10	2026-10-01
tip na vianočný darček pre muža	IDEAS	darček na mikuláša,vianočné darčeky pre ňu,vianočný darček pre muža,osvetlenie miniatúrny domček,drevené kvety puzzle,relaxačné hobby,darček pre deti stavebnica,kukučkové hodiny,tower bridge,svietiaci glóbus	140	140	140	EXACT	140	HIGH	100	2025-09=10;2025-10=70;2025-11=590;2025-12=1000;2026-01=10;2026-02=10;2026-03=10;2026-04=10;2026-05=10;2026-06=0;2026-07=0;2026-08=10	2026-10-01
tipy na vianocny darcek pre muza	IDEAS	darček na mikuláša,vianočné darčeky pre ňu,vianočný darček pre muža,osvetlenie miniatúrny domček,drevené kvety puzzle,relaxačné hobby,darček pre deti stavebnica,kukučkové hodiny,tower bridge,svietiaci glóbus	10	10	10	EXACT	10	HIGH	100	2025-09=10;2025-10=20;2025-11=30;2025-12=40;2026-01=10;2026-02=10;2026-03=10;2026-04=0;2026-05=0;2026-06=0;2026-07=0;2026-08=10	2026-10-01
tower bridge george d stevenson	IDEAS	darček na mikuláša,vianočné darčeky pre ňu,vianočný darček pre muža,osvetlenie miniatúrny domček,drevené kvety puzzle,relaxačné hobby,darček pre deti stavebnica,kukučkové hodiny,tower bridge,svietiaci glóbus									2026-10-01
tower bridge horario de funcionamento	IDEAS	darček na mikuláša,vianočné darčeky pre ňu,vianočný darček pre muža,osvetlenie miniatúrny domček,drevené kvety puzzle,relaxačné hobby,darček pre deti stavebnica,kukučkové hodiny,tower bridge,svietiaci glóbus									2026-10-01
tower bridge powerpoint	IDEAS	darček na mikuláša,vianočné darčeky pre ňu,vianočný darček pre muža,osvetlenie miniatúrny domček,drevené kvety puzzle,relaxačné hobby,darček pre deti stavebnica,kukučkové hodiny,tower bridge,svietiaci glóbus	10	10	10	EXACT	10	UNSPECIFIED		2025-09=0;2025-10=0;2025-11=0;2025-12=0;2026-01=0;2026-02=0;2026-03=10;2026-04=0;2026-05=0;2026-06=0;2026-07=0;2026-08=0	2026-10-01
tower bridge unesco	IDEAS	darček na mikuláša,vianočné darčeky pre ňu,vianočný darček pre muža,osvetlenie miniatúrny domček,drevené kvety puzzle,relaxačné hobby,darček pre deti stavebnica,kukučkové hodiny,tower bridge,svietiaci glóbus	10	10	10	EXACT	10	UNSPECIFIED		2025-09=0;2025-10=0;2025-11=10;2025-12=0;2026-01=10;2026-02=10;2026-03=0;2026-04=10;2026-05=10;2026-06=10;2026-07=0;2026-08=0	2026-10-01
vianocny darcek pre muža	IDEAS	darček na mikuláša,vianočné darčeky pre ňu,vianočný darček pre muža,osvetlenie miniatúrny domček,drevené kvety puzzle,relaxačné hobby,darček pre deti stavebnica,kukučkové hodiny,tower bridge,svietiaci glóbus	10	10	10	EXACT	10	UNSPECIFIED		2025-09=0;2025-10=10;2025-11=20;2025-12=20;2026-01=0;2026-02=0;2026-03=0;2026-04=0;2026-05=10;2026-06=0;2026-07=0;2026-08=0	2026-10-01
vianočný darček pre chlapa	IDEAS	darček na mikuláša,vianočné darčeky pre ňu,vianočný darček pre muža,osvetlenie miniatúrny domček,drevené kvety puzzle,relaxačné hobby,darček pre deti stavebnica,kukučkové hodiny,tower bridge,svietiaci glóbus	140	140	140	EXACT	140	HIGH	100	2025-09=20;2025-10=90;2025-11=590;2025-12=880;2026-01=10;2026-02=10;2026-03=0;2026-04=0;2026-05=10;2026-06=0;2026-07=10;2026-08=10	2026-10-01
časti kukučkových hodín	IDEAS	darček na mikuláša,vianočné darčeky pre ňu,vianočný darček pre muža,osvetlenie miniatúrny domček,drevené kvety puzzle,relaxačné hobby,darček pre deti stavebnica,kukučkové hodiny,tower bridge,svietiaci glóbus	10	10	10	EXACT	10	UNSPECIFIED		2025-09=20;2025-10=0;2025-11=10;2025-12=0;2026-01=10;2026-02=10;2026-03=10;2026-04=0;2026-05=10;2026-06=0;2026-07=0;2026-08=0	2026-10-01
vianočné darčeky pre ňu	IDEAS	darček na mikuláša,vianočné darčeky pre ňu,vianočný darček pre muža,osvetlenie miniatúrny domček,drevené kvety puzzle,relaxačné hobby,darček pre deti stavebnica,kukučkové hodiny,tower bridge,svietiaci glóbus									2026-10-01
osvetlenie miniatúrny domček	IDEAS	darček na mikuláša,vianočné darčeky pre ňu,vianočný darček pre muža,osvetlenie miniatúrny domček,drevené kvety puzzle,relaxačné hobby,darček pre deti stavebnica,kukučkové hodiny,tower bridge,svietiaci glóbus									2026-10-01
drevené kvety puzzle	IDEAS	darček na mikuláša,vianočné darčeky pre ňu,vianočný darček pre muža,osvetlenie miniatúrny domček,drevené kvety puzzle,relaxačné hobby,darček pre deti stavebnica,kukučkové hodiny,tower bridge,svietiaci glóbus									2026-10-01
relaxačné hobby	IDEAS	darček na mikuláša,vianočné darčeky pre ňu,vianočný darček pre muža,osvetlenie miniatúrny domček,drevené kvety puzzle,relaxačné hobby,darček pre deti stavebnica,kukučkové hodiny,tower bridge,svietiaci glóbus									2026-10-01
darček pre deti stavebnica	IDEAS	darček na mikuláša,vianočné darčeky pre ňu,vianočný darček pre muža,osvetlenie miniatúrny domček,drevené kvety puzzle,relaxačné hobby,darček pre deti stavebnica,kukučkové hodiny,tower bridge,svietiaci glóbus									2026-10-01
darcek pre knihomola	IDEAS	jesenné hobby,hobby na zimné večery,hodiny drevené puzzle,vystavenie modelov,darček pre knihomoľa	30	30	30	EXACT	30	HIGH	100	2025-09=20;2025-10=30;2025-11=70;2025-12=70;2026-01=30;2026-02=20;2026-03=10;2026-04=10;2026-05=20;2026-06=20;2026-07=10;2026-08=30	2026-10-01
jesenné hobby	IDEAS	jesenné hobby,hobby na zimné večery,hodiny drevené puzzle,vystavenie modelov,darček pre knihomoľa									2026-10-01
hobby na zimné večery	IDEAS	jesenné hobby,hobby na zimné večery,hodiny drevené puzzle,vystavenie modelov,darček pre knihomoľa									2026-10-01
hodiny drevené puzzle	IDEAS	jesenné hobby,hobby na zimné večery,hodiny drevené puzzle,vystavenie modelov,darček pre knihomoľa									2026-10-01
vystavenie modelov	IDEAS	jesenné hobby,hobby na zimné večery,hodiny drevené puzzle,vystavenie modelov,darček pre knihomoľa									2026-10-01
darček pre knihomoľa	IDEAS	jesenné hobby,hobby na zimné večery,hodiny drevené puzzle,vystavenie modelov,darček pre knihomoľa									2026-10-01
kukučkové hodiny	HISTORICAL		1000	1000	1000	EXACT	1000	HIGH	100	2025-09=880;2025-10=1000;2025-11=1300;2025-12=1300;2026-01=1900;2026-02=1000;2026-03=880;2026-04=720;2026-05=590;2026-06=590;2026-07=590;2026-08=720	2026-10-01
hracia skrinka	HISTORICAL		480	480	480	EXACT	480	HIGH	100	2025-09=320;2025-10=590;2025-11=880;2025-12=1000;2026-01=480;2026-02=320;2026-03=320;2026-04=260;2026-05=260;2026-06=210;2026-07=260;2026-08=260	2026-10-01
guľôčková dráha	HISTORICAL		20	20	20	EXACT	20	HIGH	100	2025-09=10;2025-10=20;2025-11=50;2025-12=50;2026-01=10;2026-02=20;2026-03=30;2026-04=10;2026-05=20;2026-06=10;2026-07=10;2026-08=30	2026-10-01
gramofón	HISTORICAL		1000	1000	1000	EXACT	1000	HIGH	100	2025-09=880;2025-10=880;2025-11=1600;2025-12=1900;2026-01=1000;2026-02=880;2026-03=880;2026-04=720;2026-05=720;2026-06=720;2026-07=590;2026-08=720	2026-10-01
plachetnica model	HISTORICAL		40	40	40	EXACT	40	HIGH	100	2025-09=30;2025-10=40;2025-11=50;2025-12=50;2026-01=50;2026-02=30;2026-03=50;2026-04=30;2026-05=20;2026-06=50;2026-07=50;2026-08=50	2026-10-01
písací stroj	HISTORICAL		480	480	480	EXACT	480	HIGH	99	2025-09=480;2025-10=880;2025-11=720;2025-12=590;2026-01=590;2026-02=590;2026-03=480;2026-04=390;2026-05=320;2026-06=320;2026-07=210;2026-08=320	2026-10-01
električka	HISTORICAL		14800	14800	14800	EXACT	14800	LOW	7	2025-09=40500;2025-10=14800;2025-11=60500;2025-12=3600;2026-01=4400;2026-02=4400;2026-03=4400;2026-04=9900;2026-05=6600;2026-06=14800;2026-07=14800;2026-08=5400	2026-10-01
zimná dekorácia	HISTORICAL		70	70	70	EXACT	70	HIGH	100	2025-09=50;2025-10=110;2025-11=260;2025-12=90;2026-01=260;2026-02=10;2026-03=10;2026-04=10;2026-05=10;2026-06=10;2026-07=10;2026-08=10	2026-10-01
vianočná dekorácia	HISTORICAL		110	110	110	EXACT	110	HIGH	70	2025-09=70;2025-10=210;2025-11=590;2025-12=480;2026-01=30;2026-02=10;2026-03=10;2026-04=10;2026-05=10;2026-06=10;2026-07=10;2026-08=10	2026-10-01
puzzle pre deti	HISTORICAL		880	880	880	EXACT	880	HIGH	100	2025-09=480;2025-10=1600;2025-11=1900;2025-12=1900;2026-01=880;2026-02=880;2026-03=720;2026-04=590;2026-05=480;2026-06=390;2026-07=480;2026-08=480	2026-10-01
stavebnica pre dospelých	HISTORICAL		260	260	260	EXACT	260	HIGH	100	2025-09=140;2025-10=260;2025-11=720;2025-12=720;2026-01=320;2026-02=170;2026-03=140;2026-04=110;2026-05=110;2026-06=110;2026-07=110;2026-08=170	2026-10-01
darček na mikuláša	HISTORICAL		40	40	40	EXACT	40	LOW	0	2025-09=10;2025-10=50;2025-11=260;2025-12=170;2026-01=0;2026-02=10;2026-03=10;2026-04=0;2026-05=0;2026-06=10;2026-07=10;2026-08=10	2026-10-01
darček pre starých rodičov	HISTORICAL		590	590	590	EXACT	590	HIGH	96	2025-09=260;2025-10=1300;2025-11=1300;2025-12=2900;2026-01=110;2026-02=90;2026-03=90;2026-04=40;2026-05=40;2026-06=20;2026-07=40;2026-08=30	2026-10-01
vianočný darček pre starých rodičov	HISTORICAL		50	50	50	EXACT	50	LOW	0	2025-09=10;2025-10=50;2025-11=210;2025-12=320;2026-01=10;2026-02=10;2026-03=10;2026-04=0;2026-05=0;2026-06=0;2026-07=10;2026-08=10	2026-10-01
3d puzzle pre deti	HISTORICAL		110	110	110	EXACT	110	HIGH	100	2025-09=40;2025-10=110;2025-11=260;2025-12=480;2026-01=110;2026-02=70;2026-03=90;2026-04=50;2026-05=40;2026-06=70;2026-07=50;2026-08=70	2026-10-01
drevené 3d puzzle	HISTORICAL		140	140	140	EXACT	140	HIGH	100	2025-09=90;2025-10=140;2025-11=320;2025-12=390;2026-01=110;2026-02=90;2026-03=70;2026-04=70;2026-05=70;2026-06=70;2026-07=70;2026-08=70	2026-10-01
book nook	HISTORICAL		720	720	720	EXACT	720	HIGH	100	2025-09=480;2025-10=720;2025-11=1300;2025-12=1900;2026-01=1000;2026-02=480;2026-03=390;2026-04=390;2026-05=390;2026-06=390;2026-07=590;2026-08=590	2026-10-01
svietiaci glóbus	HISTORICAL		480	480	480	EXACT	480	HIGH	100	2025-09=480;2025-10=720;2025-11=1600;2025-12=1300;2026-01=480;2026-02=320;2026-03=260;2026-04=210;2026-05=210;2026-06=140;2026-07=140;2026-08=260	2026-10-01
parná lokomotíva	HISTORICAL		260	260	260	EXACT	260	LOW	17	2025-09=210;2025-10=210;2025-11=260;2025-12=320;2026-01=320;2026-02=390;2026-03=320;2026-04=260;2026-05=260;2026-06=320;2026-07=210;2026-08=260	2026-10-01
vianočné darčeky	HISTORICAL		1300	1300	1300	EXACT	1300	HIGH	100	2025-09=720;2025-10=2900;2025-11=6600;2025-12=6600;2026-01=320;2026-02=110;2026-03=110;2026-04=110;2026-05=70;2026-06=50;2026-07=110;2026-08=260	2026-10-01
drevené hodiny	HISTORICAL		90	90	90	EXACT	90	HIGH	100	2025-09=70;2025-10=110;2025-11=140;2025-12=140;2026-01=110;2026-02=90;2026-03=110;2026-04=70;2026-05=70;2026-06=50;2026-07=50;2026-08=70	2026-10-01
ako poskladať 3d puzzle	HISTORICAL										2026-10-01
chýbajúci diel puzzle	HISTORICAL										2026-10-01
návod na 3d puzzle	HISTORICAL										2026-10-01
book nook do police	HISTORICAL										2026-10-01
natrieť drevo	HISTORICAL										2026-10-01
mikulášsky darček pre deti	HISTORICAL										2026-10-01
lepidlo na drevené puzzle	HISTORICAL										2026-10-01
miniatúrny domček	HISTORICAL										2026-10-01
ako spraviť book nook	HISTORICAL										2026-10-01
ako funguje hracia skrinka	HISTORICAL										2026-10-01
ako funguje kukučkové hodiny	HISTORICAL										2026-10-01
druhý model stavebnica	HISTORICAL										2026-10-01
relax hobby	HISTORICAL										2026-10-01
hobby pre dospelých	HISTORICAL										2026-10-01
mechanická stavebnica	HISTORICAL										2026-10-01
